# Resource object code (Python 3)
# Created by: object code
# Created by: The Resource Compiler for Qt version 6.11.0
# WARNING! All changes made in this file will be lost!

from PySide6 import QtCore

qt_resource_data = b"\
\x00\x00\x02h\
\x89\
PNG\x0d\x0a\x1a\x0a\x00\x00\x00\x0dIHDR\x00\
\x00\x00\x10\x00\x00\x00\x10\x08\x06\x00\x00\x00\x1f\xf3\xffa\
\x00\x00\x00\x19tEXtSoftware\
\x00Adobe ImageRead\
yq\xc9e<\x00\x00\x02\x0aIDATx\xda\xc4\
S\xc1\x8b\x12a\x14\xff\x8d.\xea\x0c\xe5\xce4B)\
\x8d\xdbA\x8b(\xf0(\x04E\x84\x17\x0f\x1d\x17:\xd5\
%\x16\xf6\xb0v\x88<t\x97\x08:t\x8a\xd6\x0d\xfa\
\x17\xb6\xfe\x81\x0dd/\xd2%\x83\x15\x12\x0f\x93\x8c\x0e\
:\x07]u\xd5\x19g\xa6\xf7\xcd\xae4+Rt\xea\
\xc1o\xbeo\xe6\xfd\xde\xef{\xdf{o8\xd7u\xf1\
\x85\xe3\xe0\xb75\x82\x03lac\xe3y\xdf4]N\
\xd7_G\x80\x8f\x0b\xff\x0b\xc27\x8ac\xb1\x01\xac0\
\xfbtyz+\x9f\xbf\x9e\xc9dn\xd0\xfe\xf1Ez\
Hg\xf8@(\x9c\x1d\xba,\xb0E\xf8\xea\x12\xd8\x8b\
Z\xaf\xa3~t\xe49H\xe0\x95H\xeb\x02;\xbel\
\xfdV\xde__/?;>\xfe\xac\xec\xed=4\x0e\
\x0f!\xf3<.\xe5\xf3\xf7\x7f\x96\xcb\xc3O\xc9$\x22\
\x91\x08\x02\x81\xd3sS\x0b\x81w\x9b\x9b\xde\x87\xc9d\
\x82Z\xad\x96\x22\x01|\xdf\xdd\x85\xae\xeb\xe8t:H\
$\x12P\xc8\xbf\xaf(7%I\xaa\x07\x83A\x8f\xbf\
\xbd\x22\x83T6\x9b\xddv\x0f\x0e\xee\x5c\x93$\x5c0\
\xc6\xb8<\xb4\x10\x0a\x851\xb7\xad\xbb\xb7\xdf\xbf\xd9\xd1\
4\xf5-\xf1~,\x02\x96k\xf0\xa0T*=\xb1,\
Kf'\xb7\xdbm\xca@G\xaf\xd7\xa3\x8asb\xa1\
\xf0\xf2\x11qr\xcb\x1d;g\xe1pXVU\x15\xb3\
\xd9\x0c\xdd\xee\x10''.\xa2\xd1(8\xaaz2\xa9\
H\xcb\xfc\x95m\xfc\x17\xfb\xff\x02^\x0d\x1c\xc7\x81\x7f\
\xfd\x931\x0e\xe7\x1b}O\xa0\xd5jA\x14EL\xa7\
S\xf7o\x02\xe3\xf1\xd8a\x834\x18\x0c~\x0bT\xab\
U\xa4\xd3i\xeawh\xadR\xa90\x12\xe6\xf39u\
\xa1\x0b\xd34!\x08\x02\xedEh\x9a\x04\xc30\x82l\
\xe0\x9a\xcd\xe6\xb96\x0a\x8dF#\x1a\x8f\xc7\x85\x5c.\
\x87~\xbf\x0f\xdb\xb6\xa9\xff#\x8cF\xb6'@\x13\x88\
XLF\xb1X\xe4i>\xaeP\xcc\x90%\xc4\xb1_\
\x92\xee$\xd3\xcbU\x9e\xe7\xef\xd1\x1dc,xQd\
v_\x06\x966\x81\xe8n\x8f2\xa8\x90Oc\xfb_\
\x02\x0c\x00\xca^\xd46p\x1b\xb7\x1b\x00\x00\x00\x00I\
END\xaeB`\x82\
\x00\x00\x01\xb6\
\x89\
PNG\x0d\x0a\x1a\x0a\x00\x00\x00\x0dIHDR\x00\
\x00\x00,\x00\x00\x00 \x08\x06\x00\x00\x00iF\x9az\
\x00\x00\x00\x09pHYs\x00\x00\x0e\xc4\x00\x00\x0e\xc4\
\x01\x95+\x0e\x1b\x00\x00\x01hIDATX\x85\xd5\
\x98-R\xc40\x14\xc7\xff\x8f\xa9\xd8sT.\xaa\x9d\
A\xacEbp\x18d\x8e\xd0\x03\xec\xec\x01r\x84H\
\x0c\x0e\x83\x03\xbb\x82\x19PEV\xc2\x15\xea\x1eb\xc9\
\xd0\xb4\xe9W\xba\x0d\xc9O%\xafi\xf2\x9f7\xef#\
-\xc1\x1d\x06\x00f\x06\x11A\x8f5m\x9b\x9e/\xb5\
\xfd\x8d\x1c\x047\x05\xfa\x80\x88p\xe1\xf5\xc4\x850\xb3\
\xbb`\xdf\xde\xd5$/E\xe6t2\x11y\x17MD\
H\x00\xe0\xba\xf8\x98\xff\xb6<\xb7\x9ci$kmL\
\x87;\xa7\xf7x\xff8\xf8\xdcY\xf0\x94p\xb8\xd9\xbf\
\xcd\xda\xf3\xf9p5z\xe6`\xd2\xe5\xb2\x9cu\xa0\x0f\
\x9c\xabD\xb3\x98\xfbb\xb0\x0e\xe7\xb2\xc4\xad\xd8\x06\xe7\
\xe5\xa8\xeapo\x0ck\xef\x02\x08\xce\xcbQ\xb5f\xc0\
\x22\xb8\xe9]\x8d\xcd\xcb\xc1%]\xa8\x18\x8dC{\xf1\
I}Z\x17\xe7\xb2\xc4{q\x09`Z\xd2\x8d5\x82\
\xb90\xb3)X\x8b9\xcb\xe6#-\xd6\x95\xe8B\x22\
\xbaN\xd7{\xf9Q\xa99\x17\xd5\xdar\xa6a\x15\xfc\
\xb0\xdd@\xecL\x9bJkCt0\x9dN\xa5\xc0}\
\xd6],v\x9b\x8e\xd7\xff\x83\xc5\x17\xf85>\xe7\x87\
~\x17\xb8\x0b\xfe\xfe\xdd\xe8\xabgn\xb1\xbd\xca\x0cd\
\xc9\xd6\xb6\xc9\x96\xd0\xda\x16\x7fY\x13\x15\xa0\x8eug\
\xa1:\xd6AT\x0akH\x88\xeaT\x15\xda\xb6\x10\xe8\
\x8d\xe1P\x04\xb6\x89?\x86C'\x01N\xe5&\x16~\
\x00|Q\x91\x08jkp\xa9\x00\x00\x00\x00IEN\
D\xaeB`\x82\
\x00\x00\x00\xbe\
\x89\
PNG\x0d\x0a\x1a\x0a\x00\x00\x00\x0dIHDR\x00\
\x00\x00\x10\x00\x00\x00\x10\x08\x06\x00\x00\x00\x1f\xf3\xffa\
\x00\x00\x00\x09pHYs\x00\x00\x0e\xc4\x00\x00\x0e\xc4\
\x01\x95+\x0e\x1b\x00\x00\x00pIDAT8\x8d\xad\
SA\x0e\xc00\x08R\xb3\xff\x7f\x99\x9dh\x8c\x9ai\
\xe3<5\x15\x04I+\xb2,\x8d\x17\x00\xd0\x92T\x0f\
\xef\xa9\x88\xec\x03H\xe78_I\xf6\xc0F\xfd`\x94\
V\x82zZ\xcb\x17\xb1\x1cd^\xbd#W\x18\xe5\xd0\
\x09\xb9rb\x83\xd0\xbf\xdc\x88]\x0a\xa7\xb2\x0d\x99!\
2\xd1\xf1.>x\xe3$6n]\xfc\xf3\x90\xa2\xfa\
\xe4)\x93\xbb\xfeL\xebz\x01\x1cme\x07\x8c^\xf0\
\xa1\x00\x00\x00\x00IEND\xaeB`\x82\
\x00\x00\x05\xb7\
\x89\
PNG\x0d\x0a\x1a\x0a\x00\x00\x00\x0dIHDR\x00\
\x00\x00\x18\x00\x00\x00\x18\x08\x03\x00\x00\x00\xd7\xa9\xcd\xca\
\x00\x00\x00\x09pHYs\x00\x00\x0e\xc4\x00\x00\x0e\xc4\
\x01\x95+\x0e\x1b\x00\x00\x03\x00PLTEGpL\
\x9d\xb0\xbe\x1d\x1e\x1e\x15\x10\x09r\x5c8\x7f\x85\x8a\x1c\
\x1f \x8c\x94\x96\x8e}_yvh\x1d\x1e\x1e\x93\xa6\
\xb4\x1b\x1b\x1c!%(\x1c\x1e \x1b\x1c\x1c\xa3\xa4\xa5\
\x19\x19\x1a\x9f\xdd\xf7\xe0\xdc\xda\x93\xda\xf5\x8e\x8f\x91>\
?@\x01\x01\x01YSGYD#~\x8c\x95\xd7\xd8\
\xd8\xc9\xd8\xe5\x97\x98\x99T@&\xab\x8fb\xb6\xb7\xb8\
\xaf\xb0\xb1\x1b\x1b\x1c\x1e\x1f\x1f\x08\x07\x05\xb5\xb6\xb7\xa2\
\xa4\xa6x}\x82\xc9\x99E\x94l6\xdf\xe9\xf0\x9a\x9a\
\x9d\xc0\xc1\xc1\xd9\xda\xda\x89\x96\xa0\xae\xaf\xb1\xbe\xbe\xbf\
\xac\xf1\xfeP\x95\xc4\x90\xd3\xf2\x9d\xe2\xf8\x8c\xd0\xee\x9f\
\xe4\xf9\xe3\xdf\xdb\x07\x07\x07JJL\x87\xc3\xeeq\x82\
\x8b{|\x7f\xc0\xc0\xc1d\xa9\xd8\x1f\x1f \x83\xc8\xed\
\x94\xd9\xf4t\xb4\xe0&'%\x97\x99\x9a\x07\x08\x09\x88\
\xcf\xf1\xc4\xd8\xe7f\xa2\xcd\x94\xba\xd5'\x1d\x0d\x1b\x14\
\x09U\x8d\xb6\x8d\xc6\xe9\x8c\xc8\xf1\x9d\xc7\xe4\x06\x06\x06\
\xa9\xd4\xf0\xc3\xd6\xe6\xbc\xdf\xf5OQR\xde\xde\xdeM\
8\x19I6\x1b\x00\x00\x00@0\x1b\xb6\xb6\xb8\xc2\xe6\
\xf9\x8c\x8d\x8fTF//6;\x95\x97\x98IJK\
\x82\x84\x85s\xb5\xe4\x8a\x8c\x81bH#\xd4\x9b9\x0e\
\x0f\x0fuvx\x94\x97\x99\x90\x92\x94_`bl\x9e\
\xc3\x9bu:\xe4\xe7\xeb\x9a\x9e\xa3\xe9\xdd\xbb\x87\xbe\xe7\
\xc7\xc8\xc9dgm\xd6\xbb\x8e!!\x22\xdc\x93,c\
I\x22\xe8\x9f2\xfc\xe6\xb7\xe1\x95(\xf9\xa4(\xfe\xe8\
\xbd\xd0\xe5\xf6\xdf\x94+\x8de.\x94\xc4\xe9\xca\x9dJ\
\xfe\xbbS\x96l2\xfe\xdc\x81\xcc\x98B\xfe\xe6\xb9]\
jsXY[m\xa7\xd5\x94\xc2\xe6\x85\xbc\xe5f\x99\
\xc2$'*\x98\x99\x9b\xf0\xed\xeaU\x8e\xb9\x88\x8d\x91\
\xfa\xf6\xf4\xf6\xf3\xf0s\x80\x89\x93\xc0\xe6\x9c\xc9\xec\x9c\
\xb0\xbeR\x8c\xb8\x8a\x8e\x92@\x82\xb3\x9d\xaf\xbc\x9d\xaf\
\xbd\xa0\xe6\xfa\x82\xc6\xeb\xfa\xf6\xf4\xf7\xf7\xf8\xf6\xf6\xf6\
T\x9c\xc9O\x99\xcbJ\x93\xc5\xa7\xa8\xaa\xa9\xef\xff\x95\
\xd9\xf4@\x83\xb3\x8a\xce\xefQ\x8f\xba\xd9\xd6\xd5\xa3\xd7\
\xf3\x8c\xcb\xed\xd3\xdc\xe2K\x84\xb1l\xb0\xdbN\x84\xad\
\xc7\xe5\xf7\xe4\xe2\xe1\xe0\xea\xf0\xb8\xb9\xba\xcd\xe6\xf8\xf2\
\xf0\xf0\xfc\xa6)\xf7\xd2w\xff\xb8H\xd3\xe8\xf7\xfd\xfd\
\xfd\xff\xff\xffB\x87\xba\x9d\xe2\xf8P\x96\xc5\xa7\xef\xfe\
z\xc5\xfa\x82\xc6\xf7\xf7\xf2\xef\x93\xd8\xf2z\xc1\xee\xdd\
\xdc\xdd\xe3\xdf\xdb\xf0\xed\xea\xa2\xcd\xef{\xc7\xfb]\xa2\
\xd1@~\xad\xa1\xa1\xa3\x92\xd8\xf6u\xba\xe8\x8c\xd5\xf7\
\x84\xc9\xf9\x90\xd4\xf2\x8e\xd2\xf1U\x8d\xb6\x82\xbe\xe9\xa3\
\xcf\xef\x89\xc5\xec\xdf\xdf\xdf\xd6\xde\xe6p\xa2\xc8\xc6\xc7\
\xc8\xdc\xdc\xdc\x9c\x9d\x9f\xd7\xe0\xe6\xd3\xd5\xd8\xab\xac\xae\
\xb8\xbb\xbd\x90\xc8\xec\xbb\x9bj\xa4\xa5\xa7\x9b\xc5\xe4\xd1\
\xe7\xf6\xff\xbbN\xf1\xbbE\xf0\xb6H\xb6\xb6\xb8\xe4\x97\
*\x89\xb7\xddh\x9c\xc5\xf7\xa5-\xff\xec\xc5f\xa5\xd1\
\xa9\xd5\xf1\x9b\xc8\xeal\xac\xdd\xbc\xdf\xf6\x92\xb7\xd4\x91\
\xb4\xcf\xd1\xe5\xf6i\xa3\xd0Z\xa0\xd5\x94\xc6\xec^\x9b\
\xcaT\x99\xcd\x8f\xb4\xceC\x83\xb2\xc0\xc2\xc3=\xc6R\
\x5c\x00\x00\x00\xa0tRNS\x00>OH\x05\x5c\x0f\
\x02\x01\x03P\x09q\x10\x0bo\xfd[\xfe\xfe\xfe\xe7{\
\x1d\x0d\x0d;\xfc\xfe\xdc\xa0\x22\xfe\xfdBK-\xfc\xe1\
\x8b\xd0\xda\xfe\xdb\xfe\xfc8\xdf\xfc\xfe\xfe\xfe\xfe\xfe\xfe\
\xfe)\xa4\xfe6\xe4\xfc\xfe^\xfe\xfe\xfe\x17\xe5\x18\xfe\
\xfe\xfe\xfe\x1a\x16\xfe\xfe\xfe\xfe.\xfe\xfe\xfe\x9d\xfe\x0f\
p!~\xfe\xfe\xfe\x11\x16\xfe\xaa\xe2\xfe'\x8a\xf2M\
\xc6\xfe\xfe\xd1\xfe6\xfe\xd0\xfe\xfe\xfd\xda\xfeS\xfe\x85\
\xfe\xfe\xfe\xfe\xfe\xfe\xfe\xce\xfe\xc0\xfe\xda\xfe\xd9\xfe\x08\
\xa1\xfe\xfe\xfe\xfe\x1c\xe5\xfe\xfe\x86\xfe\xfe6\xfe\xfe\x06\
\xfe\x8f\xfe//\xff\xff\xff\xfe\xf3\xb3\xd1B\x00\x00\x01\
\xb1IDAT(\xcfc`\x00\x01\xeeY\x8c@0\
{\x1a\x03*`\xd7\x9b\xa1o\xa0\xf3\xdf@\x7f\x82\x1e\
\x07\x8a\x04\xab\xb6\xee\x82\xdd{\xf6\xec^\xa0\xab\xcd\x8a\
\xac\x9e\xf5\xd5|\xad\xbf\xd3g\xfe\xeb\xff\xa65?\x8a\
\x95\x1d.!%\xbb@\xa6\xfb\xc7\x94\xa9\xbf\xba>d\
\xcb,\x90\x95\x82\x89s\xabKo~\xfb\xe6\xfb\xae\xad\
_>>Z\x7fk\xb3\xb4:7Tb\xb2\xda\xb6\xaf\
\x1d5\xcf6nX\xb7z\xcd\xdc\xf5\x9e\xdb\xd4\xac\xa1\
\x12\xca\xaa\x13\x7fw\xee\xda\x18\xed\xb3R\xe8\xd2\x8a\xb9\
\x1e\xf3T\x95\xa1\x12\x5c[\xe6\xfd\xf9\xb4u\xc3\x953\
\xcb\xf7/^v\xf9\xf4\xbc-L0\x09\x85I?\xeb\
\x83\xd7\xad\x9c\xb9w\xe1\x22\x13G\xbb\xc3\x0a\x5cP\x09\
&\xc5\xbe\xcf\x05\x81\xab\x85\x8c\x16\x1a.5st:\
\xa1\x08\xd3\xa1\xd4\xbb\xe9i\x92\xef\x1a\xe3\xc5\x8b\x96\x1e\
\x98\xe3\xe6\xbf\xc9E\x09*\xd1\xd3^x\xef\xea\xf9\xb9\
+\x96\xed\x9b3\xe7\xdc\xf5\x9b\xb7C\x9c\xa1\x12m%\
\x897\xdc\xad\x8e:\x98\x1e\x11\xb9\xe0\x17\x14\x1a\x9f\x9e\
\x0c\x0b\x918\xb1\xb3\xc7\xd6\x9e<t\xf0\xd4\xc5kk\
\xef\xdc}p?\x8f\x13*\xc3\xe9*fc\xbbJ\xd8\
\xfc\xb8\xf0*\x9d\x98\xcc\x87\xb9\xf9\x1a\xf2P\x19\x16q\
{KQ\x81%K\x04D\x13\xb22\x9e\x14W\xech\
\x80\xc9p\xf2Z\x08\xf2\xf3\xf0\xf0\x0b\x06\xa4\x15=~\
\xb7\xf3\xfd\x0e\x0d\x98i\x0c\x9c|l\xbc\xbcl|\x9c\
\x12*M\xb5U;[\x9b[r\xd0\xe2\x92C\x82\xb9\
\xaer{c\xf5\x8b2Nt\x99Xf\xcd\xd7\xdb\x9f\
\xbfLaa@\x97\x91T\xd1,-O\x0d\xc7\x90\x00\
\xca0\xcb\xc9Ez\xb13`\xca\x84\x89Gx\xb30\
\x00\x00\x94\xff\x9e\x18\xae6<\xfe\x00\x00\x00\x00IE\
ND\xaeB`\x82\
\x00\x00\x00\x98\
\x89\
PNG\x0d\x0a\x1a\x0a\x00\x00\x00\x0dIHDR\x00\
\x00\x00@\x00\x00\x00\x10\x08\x06\x00\x00\x00\xa6\xe7y)\
\x00\x00\x00\x09pHYs\x00\x00\x0e\xc4\x00\x00\x0e\xc4\
\x01\x95+\x0e\x1b\x00\x00\x00JIDATX\x85\xed\
\xd6\xb1\x0d\x00 \x0c\xc4\xc0\x80\xd8\x7feX\xe1\x9b\xc8\
\x8a\xf0\xd5)\xccWT\xe9o+\xb8\xb9\xed\x15=\x92\
\xb7E&\x0e\x107\xef\xce\x8a\x09\x1c\x80\x0e\xa09\x00\
\x1d@s\x00:\x80\xe6\x00t\x00\xed\x84w\x13\x7f\x83\
R\xe0\x01\x83\x7f\x04\x15\x1d\x07*-\x00\x00\x00\x00I\
END\xaeB`\x82\
\x00\x00\x00\xd1\
\x89\
PNG\x0d\x0a\x1a\x0a\x00\x00\x00\x0dIHDR\x00\
\x00\x00\x18\x00\x00\x00\x18\x08\x06\x00\x00\x00\xe0w=\xf8\
\x00\x00\x00\x09pHYs\x00\x00\x0e\xc4\x00\x00\x0e\xc4\
\x01\x95+\x0e\x1b\x00\x00\x00\x83IDATH\x89\xed\
\x94\xd1\x0d\x80 \x0c\x05\x9f\xc6\x89\x1c\xaaL\xe0\x14L\
 C\xb1\x12~\x91(\xb6\x025\x84h\xb8\xcf\x02\xef\
h\x02\x05\x06\xbd\x99J6\x11Q\xe0\xea\xce\xb9\xec\xf9\
\xa5$x\xddv~\x1d\x089\x91\xb8@DA\x0aN\
\xf1\xd6\x88\x12\xb6X\x13\x9e\x93\xdc\x0a\x9a\xf0'\xc9\xac\
J\xaa\xe0b{s\xfbH\xdaE\xf3\x0e\xbe/\xf8\xd9\
+\x8a4\xfdh\x1aI\xf5\xa88K\x00y\xd8yk\
\x00(\x87\x1d'J)\x19\xd7\x83\xfe\x1c\x10\xe0F\xbe\
Hf\xe7\x1c\x00\x00\x00\x00IEND\xaeB`\x82\
\
\x00\x00\x02\xa8\
\x89\
PNG\x0d\x0a\x1a\x0a\x00\x00\x00\x0dIHDR\x00\
\x00\x00\x10\x00\x00\x00\x10\x08\x06\x00\x00\x00\x1f\xf3\xffa\
\x00\x00\x00\x19tEXtSoftware\
\x00Adobe ImageRead\
yq\xc9e<\x00\x00\x02JIDATx\xdat\
\x92O\x88\x12Q\x1c\xc7\x7fo\x14\x17=\xf8\xe7\xd0E\
00\xcc[x\x09\xa6\x0e)+c\xe8\xca\x1er\xe9\
R\xb7:\x08A x\x90%\x5c\x92`\xf1\xe2!\x82\
]f\x09\x22\xa8\xe8T\xec\xce\xd6^*OQ{Y\
\xf0V\x1e\xfcs\x0c\xfc\x93\x07u\xd4\x99y\xfd\xde\xcb\
\x91\xc9\xb5\x1f|y\x8f\xf7\xde\xe7\xf7\xf7\x11\xb0X0\
\x18\x04I\x92 \x1c\x0e\xc3\xe5\xc2\x01\x08xFP\x02\
\x10\x91\x02H\x00\x94\xe0\xfaI\x03\xf8\xae\x03\x05\x0de\
g` \x10\x80X,\x06\xa1P\x08\x1c\x0e\x07,\xd9\
5\x03\xa8\xb4\xf1\xf1\xd5\x13B\x08(\xa9\xbb\xa6\xdfo\
\xec\xd2\x9e\xc9dx\xe4\x15 \xb3\xeb\x06@\x22\xad\xbc\
,\xf5\xbb]LE\x80\xcd\x93\xd7\xa5\xf7\xa9;6\x9e\
\x18\xc0W\xc1\xef\xf7\xc3\x7f\x8c\xc177\x0e_\x94z\
\x08S\x8a\xc9\x1b\x06\xf4z=\xb8u\xf2fG\x07H\
\xe3\x9b\x1b\xc2*\x12\x1fG~\xec\xde\xbf\x92z\xf7\xfc\
q\xaf\xd3\xe10E\xd8t\xd28;\x83\xc4\xfe\xee6\
:\xd9\x14V\xc1\x93\xc9D\xcc\xe5r\xb2\x96\xb8\xcaA\
\x98\xc3l\xdfm6\xff\xee)o\xa2MX\x86UU\
\x15\xf3\xf9\xbc<\x9dNA\xd7up\xdd\x96\x16N:\
s\xd8\xe3\xf1\xc0\xd1\x83\xed\xa7xz,X\xe1\xf1x\
,\x16\x0a\x05\x193\xe0\xb0\xa9\xb5\xcc:\xfcj4\xd0\
\x87\xc1a\xe5\xe1\xa3g8\xc6#\xcc\xa3*X#\x17\
\x8bE\x19\xd7\x7f`\xa6&F6\xb6\xe2\x1c>\xce\xed\
\xeca\xed\x87\x88}\xe1c4#\x97\xcbey4\x1a\
\x9dkh\xbb\xdd\xc6\xe9\x09\xe0v\xbba\xeb\xed~\xf6\
\x1e\xa1MB\xc9g\xf3\xde\xce\x22W*\x15y8\x1c\
\x9e\x83[\xad\xd6\x02N\xa7\xd3YM\xd3Nq\x0e5\
\xf6\x8b~\x82\x0au\xaa\x82\xdd\x04Y\xaaVci\x9b\
p<\x1e\xe7\xb0\xcb\xe5\xaa\xd5\x11\xfc@\x7fs\x98\x19\
I&\x93\x11t\x22*\x8a\x22\x0f\x06\x03~\xd8\xc0\x86\
\xb1o\xeb\xf3\xf9 \x1a\x8df\xd1\xf9\xa9\xcdf\xab\xb1\
\xe6\xb2\x1eY\x8dx\xbd^\x16%\x82\xd1\xc4j\xb5*\
\xf7\xfb\xfd\xc5\xa5(\x8a\x1c\xc6m\x8dM`\x95\xb1r\
|\xa8\x0bN\xa7\xf3\x12F\xbd8\x9b\xcdx9\xf3\xcf\
Rg\x09\xa1f\xa8\xe9|e\xd2X\xd5(\x839p\
\xa2\x5c\xa856\xd1\xb9\x0c\x8bt\xcb\xaa/\xdd\xd1?\
\x02\x0c\x00\x10\xd1Va\x82\xe3\xe2f\x00\x00\x00\x00I\
END\xaeB`\x82\
\x00\x00\x01\x1a\
\x89\
PNG\x0d\x0a\x1a\x0a\x00\x00\x00\x0dIHDR\x00\
\x00\x00\x10\x00\x00\x00\x10\x08\x06\x00\x00\x00\x1f\xf3\xffa\
\x00\x00\x00\x19tEXtSoftware\
\x00Adobe ImageRead\
yq\xc9e<\x00\x00\x00\xbcIDATx\xdab\
\xfc\xff\xff?\x03%\x80\x89\x81B0\xf0\x06\xb0\xc0M\
b\x02\x9b\xa5\x0d\xc4\x8d8\xd4\xbe\x06\xe2z ~\x05\
\xe2\xfc\xfb\xf7\x0f\xab\x0b\xae\x02\xf14 f\x86\xe2\x06\
 \x0e\x01\xe25@,\x01\xc4N8]\x80\x04\xde\x00\
1+\x9a\x17\x99\xa0bL\xc4\x18\xc0\x88d@7\x16\
\x17\x12\x0cD\x90\x01lP\xdc\x0f\xc4\xe5@\xbc\x0c\xca\
\xaf\x00b.B\x060!\x19\x00\x0a\xb0\x0b@|\x19\
\xca\x97\x03b\x0d\xac^\x00\xa5HFF\x90\xe5\x0c2\
@\xcc\x0e3\x0c*\x8e,\xf6\x09\xc5\xb9\xb0\xa4\x0cT\
\xc4\x09\xa4\xac\x80x\x1e\x9eh\x9f\x0f\xc43\x81\xf8\x1b\
P\xdfGl\x06\xf0 \x05 .\xf0\x1f\xab\x01C7\
/\x00\x04\x18\x00S\x061(\x9bV\xd0%\x00\x00\x00\
\x00IEND\xaeB`\x82\
\x00\x00\x02\xf6\
\x89\
PNG\x0d\x0a\x1a\x0a\x00\x00\x00\x0dIHDR\x00\
\x00\x00\x10\x00\x00\x00\x10\x08\x06\x00\x00\x00\x1f\xf3\xffa\
\x00\x00\x00\x19tEXtSoftware\
\x00Adobe ImageRead\
yq\xc9e<\x00\x00\x02\x98IDATx\xda\x8c\
\x93\xcbOSA\x14\xc6\xbf\xfbj\xa1\xb7H-Tm\
)Z\x82\x22\xc8K\xf0\x19\xf0\x91\xe8\x02#\x0b\xd1\xc6\
\xbd;cb\x5c`\xa2\x1b\xfc\x13\xd8\x18V\x06\x97\xc2\
B\x8c\x09!\xc1\x10\x1e\x89Q\x17R\xa2qa|\x14\
\x0cJJ\xa5\xa4b\xdbk\xdb\xfb\x98q\xe6BI\x1b\
C\xe2I\xbe\xdc\xcc\x9d9g~\xe71\x82\xd8w\x1f\
[v\x9d)\x88\xff\xb3\x15\xa6\xa7\xe16'd\xd0\xed\
\x9f\xb5C\xfd7\x06\xa3+q\x80R\x84\xfc\xd5\xa8\xa9\
\xf2@\x91\xe5\x12OE\x91\xd1{o\xf0\xee\xf9\x83\x0e\
{-\xf3\xc3[&\x06\xab*\xe1\xf7\xa8\xd8\xd0r\xf8\
\x16K`\xf2\xe5+\x9cm\xa9+\x09\xe0P\x14t\x04\
\xe5\xaejU\xd0\xd82VL \x12B\x90\xcb\xe5Q\
&\x09\xe8l\x08A\xca\xa5p\xfb\xd2\x19\xa8.\x17\x04\
Q\xdc>\xd8\x7f\xe5bX\x00\xc2\xd7\x06\x06n\x15\x13\
H\x96E\xc1\xc5\xcd\xb2\x08F\xde\x12\xcc-\xa7P\xee\
H!\x10\x08\xc0)\x01]\xf5\xc0\xae2\xe0r3\x85\
i\x18bI\x0a\xa5\x01(|\xd2w\x9c\xf4\x09\x90\xd9\
\xe5N%\x06\x93\xb0\x1a\xe8\x15h\x0a\x1d\x86I\xff\x0d\
 \xf1\x14\xb8\xb8\xf1og\xc8\x87;\xbd\xed\xf6\x9a\x13\
0l\x8c\xcc\xcd\xa3\x92\x11\x98l\xdf\xd0u\x16\x80`\
\x87\x14(\xe2_\x87\xf1q\xf2\xa6\xdd\x95\x84WD\xeb\
\xd55h\xf9_\x10\x85\x1c\x0c\x22B\xd7uI\xb4\x09\
6%\x99\x8c\xb1X\x92\xec\x80\xbb\xd2\x0dW\x85\x0b.\
U\xb5\xb1\x976\x80\xd9U\xc9&\xd0\xf3yN@w\
$pVx\x10h?\x0a-\xbe\x0aU\xcc\xd8N\xb9\
,\x90\xd6DF`\xf0\x00\x8c \xf9\xa3@ \x13\x16\
\xacX&\xd8 \xa9\x8d\xa0\xcezX\xc4\xcd\x9c\x08\x9a\
\xf7\x18\xe8\xa9\xcfBf\x03\xa6\xa5\xd3\x8aL\x16\xc6 \
v\x84\x01OP\xe6\xad\xe3*\xb41\xb5\xbe\x88\xb5\xe8\
\x02bQ\x1de\xd4D\xdb\x09\x82\xd1\xf1)L\xccD\
0\xfd\xfa\xcd\xbc\x93$\x7f\xf2\xe9('\xef\x9ey\xa9\
a\xb9\x0b)\x14\x94\xfama\xf9[\x06K\xd1,>\
\x7f2l\x82\x86C\xed\x18\x9f_\x1f\xfe\xb3a=H\
F\x22O\xf8\xa0\xb3\xa6\xc0\xcbRI\x8cN\xcc\xbe\xef\
\xeel9\xe0\xf7yw\xf3\x14<\xfb\xfbP\xdb\xf5\x90\
\x09\xd8\xeb\xf7\xdb\xd8\xcf_L}@2\x97\xa0_f\
\x16\xb9\xafP\xa8\xa0Ps\x1c\xa8;\xdd\xc3jq\xae\
\xaef_c\xf7\xb1\xd6\xa6\xd1\xb11\x94\xa7#\xd3\xa2\
\xc3\x91\x15$\xc9\xb4S\xd3\xb4\xd5L<3DS\xb1\
M\xbf\x92\x00\xa1S\x9b\x05\xb5\xe8\x11\xf6F.\xc0\xd2\
\xfdt\xe1\xf1#\xb6m\x14\xbd\xa7\xf4\x96l\xfb+\xc0\
\x00c\x89b\xa1M\x81\xe1\x0b\x00\x00\x00\x00IEN\
D\xaeB`\x82\
\x00\x00\x01\x07\
\x89\
PNG\x0d\x0a\x1a\x0a\x00\x00\x00\x0dIHDR\x00\
\x00\x00\x10\x00\x00\x00\x10\x08\x06\x00\x00\x00\x1f\xf3\xffa\
\x00\x00\x00\x09pHYs\x00\x00\x0e\xc4\x00\x00\x0e\xc4\
\x01\x95+\x0e\x1b\x00\x00\x00\xb9IDAT8\x8d\x8d\
R[\x0a\xc30\x0c\x93\xb20v\xffS\xf6\x0ceE\
\xfb\x98\x15\xdc,\x8f\x19\x8aK\xacX\x96b\x22B\x92\
\xb0\x09\x92\x1c\x16\xe2\xb2\x9cg\xff\x89\xe4\x19\x1f\xaa$\
\x91\x84ky\x90\xc5P'\x80\x0a\x00%\x8dwEn\
\xe3:&\xcd\xde\x00PHR\x12$=6\xfa\xb3\xdc\
\x9fh\x97\x07z\x97\xe7\x96p\xad\xd8-)\xf9\xd4\x1a\
\x95\x11xf\x9e\xfd \x890^n\xf0rg\x17\xff\
\x99\x04\x00\x1a\xb2\xd76]\x9a\x01vjP\x8fq=\
\xe3o\x8b4c5f\xc4^\xe3p;j\x10\xe4\xda\
Wj\xbf\xca9\x12\xab\xcdS\xaeI\xba\xad\xb2\xf3A\
\xf2\xe8\x98\xfd|\xccX ^ae\xde\xc8\x17\xe3I\
\xf2\x03\x10\xde\xc2\xb0WC\x96\xfe\x00\x00\x00\x00IE\
ND\xaeB`\x82\
\x00\x00\x00\xc2\
\x89\
PNG\x0d\x0a\x1a\x0a\x00\x00\x00\x0dIHDR\x00\
\x00\x00\x18\x00\x00\x00\x18\x08\x06\x00\x00\x00\xe0w=\xf8\
\x00\x00\x00\x09pHYs\x00\x00\x0e\xc4\x00\x00\x0e\xc4\
\x01\x95+\x0e\x1b\x00\x00\x00tIDATH\x89c\
`\x18\x05\x04\x00#>\xc9\xb4\xb4\xb4\xff\x84\x0c\x985\
k\x16^3X\xf0\x19nT:\x13\xaf\xe1\xe7\xba\xd3\
\x09\xd9\xcf\xc0DP\x05\x85\x80\xe6\x16`\x0d?b\x83\
\x87P\xf830\x0c\xcb \xa2f\xf000\xd0\xc1\x07\
8\xf3\x01!@(\x13\xc2|\x88b\x011\xc1\xc3\xc0\
\xc0\xc0@J\x06\x1c\xfa\xa9\x08n\x01\xb1\xc1C\xb6\x05\
\xb4\x02\xf4M\xa6\xc4\x14\xbf\xa3`\xe8\x01\x00\xc5\xc8&\
\xfb[H\x10\x87\x00\x00\x00\x00IEND\xaeB`\
\x82\
\x00\x00\x00\xc7\
\x89\
PNG\x0d\x0a\x1a\x0a\x00\x00\x00\x0dIHDR\x00\
\x00\x00\x10\x00\x00\x00\x10\x08\x06\x00\x00\x00\x1f\xf3\xffa\
\x00\x00\x00\x09pHYs\x00\x00\x0e\xc4\x00\x00\x0e\xc4\
\x01\x95+\x0e\x1b\x00\x00\x00yIDAT8\x8d\x9d\
\x93Q\x0a\xc00\x08C\x13\xd9\xfd\xaf\xec~\xcc\xb0n\
\x9dX\x7fZ-\xbc$B\x01\x00\x1e\x85\x832ww\
\x92\x10h\x0c\xc8\x0d\xc91\xc4BY\x0e\xc6\x10\x93r\
\x9c\x9cB\xac\x0e\x04\x09G-d\x89\x90!r\xd6A\
\x96\x08'N^\x11\xa6N~\x01\xd9\xc9\x0e\xf2\xb9\x83\
\x09d\xbb\x83\x1d$\x04\x1fH\x1b\xa1B$(\x08O\
?Q@p\xa9\x09k\xc8\xbdf\xf9\xbd\xdeY3M\
\xeb\x06\x96Hq\x08x\x13\x1b\xdd\x00\x00\x00\x00IE\
ND\xaeB`\x82\
\x00\x00\x00\xa3\
\x89\
PNG\x0d\x0a\x1a\x0a\x00\x00\x00\x0dIHDR\x00\
\x00\x00@\x00\x00\x00\x10\x08\x06\x00\x00\x00\xa6\xe7y)\
\x00\x00\x00\x09pHYs\x00\x00\x0e\xc4\x00\x00\x0e\xc4\
\x01\x95+\x0e\x1b\x00\x00\x00UIDATX\x85\xed\
\xd6\xc1\x09\x00 \x0cC\xd1V\x1c\xc5)\xdc\x1f\xa7p\
\x97\xbaB@j\x90\xe6\x9d{\xf8\xe6\xa4\x99\xd4\xe6\xc0\
M\xa4W\xe4@\xdef\x1d9\x8a5\xeeR\x1e\xf3\xb9\
\xe1\xdb\x96\xd8\xf1\x05\x0d\xc0\x0e`\xd3\x00\xec\x006\x0d\
\xc0\x0e`\xd3\x00\xec\x00\xb6\xf2_a\xa9\xee\x00\xa5\xde\
\x05\x19R!\x0c\x84\x00\x00\x00\x00IEND\xaeB\
`\x82\
\x00\x00\x02\xb9\
\x89\
PNG\x0d\x0a\x1a\x0a\x00\x00\x00\x0dIHDR\x00\
\x00\x00\x10\x00\x00\x00\x10\x08\x06\x00\x00\x00\x1f\xf3\xffa\
\x00\x00\x00\x19tEXtSoftware\
\x00Adobe ImageRead\
yq\xc9e<\x00\x00\x02[IDATx\xda\xa4\
S\xcfo\x12a\x10}\xfb\xa3\xa5\x08Q\x0eH\x8c7\
\x134Vi8XEiS\x8epi\xa2&\xc4\xc4\
[i\xec\xad\x8d^L\x1b\x8d\xe2\xb1\xfe\x03\x95\x03\x09\
\x09\x09G/^\xb5)\x11LL\xc0\x22$\x10\x88\xed\
\xa1\x22M-\x81R`\xf9\xb5\xec:\xdfJ\x1b\x8b=\
\xe9$o\xbf\xd9\xc9\xbc7\xf3\xcd\xcer \xb3X,\
p\xb9\x5c\xf8\xc3&[\xad\x96\xa3P(\xa4y\x9e\xff\
\xb8\xb5\xb5\x85^\xaf\x07\xbd^\x8fkSKPU\x15\
_>\xbc\xd6\x12\x85S\xc8,a\x96\x08kD|D\
\xaf\x97\x0f\x0f\x0fe\x8a\xed\x8d\x8c\x8c\xc0\xe3{\x8b\x0b\
\x97\x9c\x18w.\x82\xe38\xf0\xc3\xe4\x81\x80L\x02\x0b\
>\x9f\xefy*\x95\x0a\xf4\xfb\xfd;\x14\xbe9\x9c7\
1\xf3\x04<\xfe6{\xbd^\x17\x22\x91H\x80\xbd\xe4\
\xf3y\x94J?\xd7\xa8\xda=\xc2\xccp\xf2\xb0\x80\xbd\
V\xab9\xc2\xe1p \x97\xcbi\x81b\xb1\x88D\x22\
\x81dr{\xc5h4z:R\xa5J\x1d\xae\x9e&\
\xa0\x91C\xa1P\xe0\xe0\xe0\x00\xd9l\x16^\xaf\x17\xdb\
\xdb;\xd8\xdf\x97\x90Ng\x10\x8f\xe7V\x8a\x99\xd0\xfb\
F\xa3\xf1\xb4\xdb\xed>l\xb7\xdb\xe0;\x9d\x0e\x18\x18\
9\x18\x0c\x06\xa8}T*\x15m\xe2\xab\xab\xac\x90\x1e\
\x820\x0a\xb3\xd9L\xb11\xf0\x8d\xcf1V\x80\x06\xfb\
\x92\x84 \xd2\xa7\xd2\xcaK\x92\x04Y\x965r\xb3\xd9\
\x84\xc9d\x86\xc7\xf3\xe0\x98l\xb3\xd907w\xf7\xb1\
\xc1`\x88~/\x97\x19\xe5\x0a{p\xac\x123\x22\xdb\
\x09\xb7\xe3\xf1Oo\xca\xe5\xaa\xd6\xf6\x11y|\xfc*\
\xe6\xe7\xef/\x91\xf0\xa6x\xde\x13\xdbm_W\x07\xd7\
\xe6xV\x95AQ\x94\xaf4\xe5\xc4\xf4\xf4\xd4\xb2$\
\xf1\xc7d\xab\xd5\x0a\xb7\xfb\xd6b\xb5Z\x8dQ\x97\xb1\
\xec\xeeE\x90\x0f\xba\xea+v\xdd\x13\xc6\x16C\x14E\
\xa7N\xa7{\xb1\xbe\xbe\xa9f2?T\x9a\xfc3\x82\
\xe3\xa8S\xfe\x8c\x15\x82\xd9\xedg\xa7\xc6\xf1\xdf\x98\x85\
?\xf9\x8e\xf9\xe7\x08F\xc2YA\x10&Hlr\xb0\
TIZ\xa4o\xe4\xb6\x09{\x84>\xc148w8\
u!\x80h)\x8f\x8dR~\x8c\xb2G\x09:\x82\x08\
E\xe5\xa0*L\x01\xe4\xd3\xa9\xc8\xe47\xb4\x1fAU\
Y\xaeB\xa81\x81\x0dr\x5c4\x04\x9c@\xbf\xff\x1b\
\xc3\xfeID\xd9\x22\xb9\xf0\xef\xe6b\x02\xd1\xff\x10\x88\
\xfe\x12`\x00;\xa3S\x98\x138\xd8\xdc\x00\x00\x00\x00\
IEND\xaeB`\x82\
\x00\x00M\xc7\
\x00\
\x00\x01\x00\x01\x00\x00\x00\x00\x00\x01\x00 \x00\xb1M\x00\
\x00\x16\x00\x00\x00\x89PNG\x0d\x0a\x1a\x0a\x00\x00\x00\
\x0dIHDR\x00\x00\x01\x00\x00\x00\x01\x00\x08\x06\x00\
\x00\x00\x5cr\xa8f\x00\x00\x00\x01orNT\x01\xcf\
\xa2w\x9a\x00\x00MkIDATx\xda\xed]\x07\
xS\xd7\xd9\xbe\x19\xcd\xe8\xc8\xdf\x95\xb6Ym\xd2\xa6\
I\x9b\xb4i\x9b\xa4\xd9\xcddz\xb1w\xd8\x9b$d\
\x11\xf6\x0ed\x00az\x82\x0d\x18\xf0f\x87e\xcc\xf2\
6\xc3f\x1a\x8c\xf7\xb6\xe4m<dk}\xff\xf7\x9d\
{e\x0b\xe3%\xe9j\xd8>\xe7y\xde\xe7\xca\xb6\x10\
\xb6t\xdf\xf7\x9b\xe7;\x82\xc0\x17_|\xf1\xc5\x17_\
|\xf1\xc5\x17_|\xf1\xc5\x17_|\xf1\xc5\x17_|\
\xf1\xc5\x17_|\xf1\xc5\x97\x1d\x16\x94\x1c\x10\xa0,J\
\x80\xe2\x10|\x1c\x22^;\x84`\x13\x9e\xdb\x06\xca\xf1\
u\xca\x82\xf9\x07\xc1\x17_V#9\xf8\x08p\x01I\
^\xda\x06\x11\x89\xfc\xa5\xc1\xf7\xe1\xe3_@q\xe8o\
\xf0\xfa((C\x9f\xc5\xeb\x7f\x11\x1f \x06 \xe9G\
\xe1u\x22\xe2#|\xfc9^\xbfD\xccE\xcc\x93\xf0\
\x15\xe23\xc4\xc7\x88\xc9\xf8\x9c\x91x\xed\x87\xe8\x81x\
\x05\x94!O\xe3\xf5\x11\x04\xbd\xfe\xcf@\x19|\x0f(\
Z\xf8]\x94\x04\x14\x86\xcc \xfc\xddC\xf9\x07\xc8\x17\
_\x1d&{\xd9.$\xcd\xb0;\xc9\xae\x0c\x15 \x9f\
=~\x00\x09\xfek\xbc\xfe\x19\xf1?$\xe90\xbc\x12\
\x99W#v \x8e \xce!2\x10E\x88\x12D%\
\xa2\x16Q\x8fP#t\x08h\x03\xf4s\x8d\xf4\xfc\x1a\
D\x15\xa2\x14Q\x88HE$ \x0e |\x10K\x11\
S\x11}\x10\x7fG<\x8c\xe4\xff)\x94\xee6\x12\xa7\
PQ\xa0JP\x10J\xb8\xb7\xc0\x17_F\x84Gr\
T!\x8aCo'|]\xc8]x}\x08\xf1\x84H\
tf\xb9\xbfE\x04!\xe2\x11\xb9\x88r\x84\xaa\x1d2\
\xdb\x02Z\xc4-Ip.\x22\xf6H\xbf\xebX\xc4k\
(\x00\x7f\x80\xd2\xd0\xfb\x9b\xfeF\xe9Z\xba\x97\x89\x03\
_|u\x1f\xc2+\xf7\x08P\x84q{qX\x13\xd9\
\x99\x1b\x1d\x86\x04\x09\xf9\x03\xe2u\xc4$\xc4:D8\
\x22]\x22\xba\xc6\x01\x88n*\xc8\xdb(C\x5cE\x04\
 f#z\xa1\x00<\x86\xb8\xaf\xa5<\x04_|u\
\xc1D]\x08s}\x9b, >.\xd9s\xafD\xf8\
\xf7\x10_ v\x22\xaeH\x84\xe9\x8cd\xef((\x9c\
HF\xf8#\xa6\xe3{\xf3\xa2\xe8\xe9\x18y\x07\xa5A\
\xec=\xe2\x8b\xaf\xceIx\xc5\x0et\xed\x8f\xdcn\xdd\
\x8a\xf6\xd2\xcd\xfdK|\xfc2b\x1ab\x0b\xe2\x92\x14\
\x9fC7\x05\x85\x0eJD\x84\x94\x8c|\x0d\x94\xa1\x0f\
\x81\xc2\xc8;R\xee\xc2k\x10\xbf\xa9\xf8\xea\x0c\xa4?\
\xd8\xbc\xbcv7(\x99\x95G\xb77\xe4k\xc4\x19D\
\xb1t\xe3\x03\xc7\x1d\xa0\x84\xe5q\xc9#z\x01\xbd\xa6\
\x07\x1a=\x03E\x10\xab,\xf0\xc5\x97\x83\xc5\xf4\xc1\xe2\
\xcd\xd9H\xfa\x80\xbb\xf1\xa6\xa5R\x993b\xbd\x94\x14\
\xab\xe2\xe46\x09zD\x1e\x22\x10AU\x8e\xdfA\xd9\
\xde\xa6\xf78\x7f\xa7\x00p\x9a\xdf||\xd91\xa6/\
7\xcafW\xed\xa7\xebo\x11N\x88\x0d\x88\xcb\x88j\
NdYP'U=(\x81\xf87\xd1\xab\x92\xbc\xac\
<\x14\xder^E\xe0\xcb\x16\xa4\x87\xa5\x18\xc7\xef\xbf\
\xbd\xd9\xa58\xf4g,n\x15k\xe1qR)\x8c\x93\
\xd6z^\x01UD\xd6 ^\xc4P\xeb'\xe2g\x80\
bP\xb1G\x80\xacm\xfc&\xe5\xcb\x1a\xd6\x9e\xb2\xd2\
aM\x19jE \xd5\xe7\xff\x84\x98\x80\xd8/\xc5\xf4\
\x9c\xa0\xb6E>\xc2\x13\xf1*(\x83\xeee\x9f\x91R\
\xec\xa5\xe0\x8b/y\x88O\xa5\xa8\x8a\x9d\xc6\xad\xb6\x0f\
\x22(\x83\xbfR*\xd7\xa99\x11\xed\x0e\xeaL\xdc\x84\
\xc4\xff7\x14\xef\xbd\xdb\xb8\xc9\x88/\xbe\xcc#\xbeq\
\xe9N,GQ\x8d\xda\x05\xaf\xc1\x08\x05'\x9dC\x22\
\x1b\xb1\x1c\xc3\x81\xa7\xa08P\xcc\xd1\xe4\x85\xb20\x8d\
/\xbe:h\xf1\xf1\xa6\xa9\x0c2\xdeQ\xf7;\xc4\x18\
\xc4Q\x1e\xdbw\x9a\x1c\xc1%\xb6/\xa14\xf8W\xbc\
\xbb\x90\xaf\x8eg\xf4K\xa5\xcd*\x0a\x8a\xf7\xd9N\xba\
q\x88\x18i3\x0c'W\xe7\x02}f\x07\xd1\x1bx\
\x1b?\xd3\xbb\x8d\xb7>\xf3\xc5W\x13\xf1\xf3\xf7\x0aP\
\xb3\xa3\xa9\x94W\x12L]z#\x10\xa78\xf1\xbbL\
~`\x19~\xbe\x8f\x1ao\xb4\xe2\x8b/\xc9\x22\x04\x1b\
\xfa\xf3i\x13N_i\x1bm\x1d'N\x97\x02mk\
>\xcd\xe6!\x14\xed\xbe\x9b\x95\x0d\xd5\xdb\x98\xa7\xc7W\
wu\xf7+\xa4\xae\xbd\x92]\xe4\x1e\xbe\x84\xf0\x95v\
\xdbq\xc2t]\xd06\xe5\xf9\xa0\x0c\xfd5\xbb\x07\x94\
\xc1|\xb3Q\xb7\x22~\xc5>\x01\x0a\xa4\x92\x9e\x82\xd5\
\x8b\x1f\x17\xdd\xc3\x90\x1cN\x8en\x03\x8d4\xa7\xe0\x85\
\xa6\xad\xd8\xdc\x13\xe8\x06V\xdf\xd0\xc8\xc3\xdc\xfd\x07\xf0\
\x83\x1f\x84\x88\x95\xb2\xc6\x9c\x18\xc6(\x09\xbe\x13]\xef\
\xef\xbc\x8a\xf7A\x7fP\x84\xdd#z\x82al#\x17\
_]\x8d\xf8\x8a\xbd\x02\x94\xedh\xda<R\x1c\xf2\x0f\
\xc4f\xbe1\xe7N\xc2k\x15aP\x93\xbf\x0f\xca\xb2\
\x7f\x84\xc2\x8c\xa3\x90\x97\x16\x0e\x8a\xcc#P\x91{\x10\
\xea\x0a\xf6\x82\xdeX\x1c\xba\xce\xae\xc39P\x1c\xf4s\
\x96 \xac\xf3g\x95 \xbe\xbaT\x92\xaf\xb1\xfc\xf33\
i\x9cV\x0a'}\x13\xf15H\xfa\x82\xf4cp:\
!\x11\xb6\x1f\xcd\x82o\xc3Ja\xee\xceZ\x98\xb5]\
\x05_n\xaf\x87\xaf\xfcU\xb00\xe0\x16\xac\xdd\xab\x80\
\x90\x137\xe1\xfc\xc58(\xcf9\xd8$\x1c]\xa3\x5c\
\xe8\x8d\x1e\xe2#,9X\xc2\xab\x04\x9d\x9f\xf8iG\
\x04(\x0f\x90\xa6\xd2\xb2N0\x1aR\xb9]\x1a\x88\xc9\
\x89/Y\xfb\x9b\xd7O\xc3\xf6c\x990gG-L\
\xdd\xac\x87I\xde\xc00\xd9\x00\x9f\xa6\xc7\x86\x9f}\xe4\
\xab\x85eA\x95p 2\x19=\x84\xa3\x92W\xd0%\
\x9a\x87\x0e\xb2]\x86\xca`A_\xe4/\xe8\x0b\xfd9\
\x91:m\x86\xbfh\xb7X\xdaS\xd2\xe4\xdc\x90\x91\xd2\
\xb6\x5cN|\x89\xfc%Y\x87 \xe4\xe4Mf\xe1\x0d\
\x84\x9f\xe2\xd3qL\x92\x9e?\xd3\xaf\x02\x82O$A\
U\xde\xbe\xae\xe2\x0d\xc4\xe2=\xf3\xba./X\xd0\xe5\
\xf8\x0a\xda\xac\xcd\x9cP\x9d3\xd1G\x1d}\xd4\xf8\xc1\
\xf6\xe4\xf3\xfd\xf8F\xb8\x91|\x1a\xbeC7\xdf`\xdd\
M!~s\x8c\xda\xa4\x86\xfe?\xdc\x82\x15!\x19\x90\
\x9dz\xb4k\x88\x802\xe8\xa6.w\xab\x9bF\x1d\x8e\
\x02\xe0#h\x10|9:\xf1\x01\x04q\xf3\x07\x12?\
\xdbO`\x87W\x88#\xa5x\x86\xdf\x08I\x97b`\
\xfe\xce\x9aF\x0bn)\xc6yj\xa1\xdf\x0f\xd5\xe0\xb2\
\xba\x1a\xbe\xd8V\x00)\xc9\x11]B\x04t\xf9\xfeE\
\x9aL\x9f\x11\x00\xe7\x05m\xf6fA\x93\xcdE\xc0\xb1\
\xad>\xc6k\xd2\xc1\x13\xf7I\x1bw\xd28\xe1ow\
\xfb\xaf^\x8d\x84\xb9\x18\xeb\xcbE~\xc2D/\x1dz\
\x00\xd5\xe0\xb6\xe6V\xa3\x08d\xdd\xec\x02\x9e\x802\x08\
49\xbe\xc5\xea\x0c\xaf\x0f\x01N\xdc\xa5\xcd\xc6p \
s\x0b'\x9bC\xc6\xfb\xa5\x86\x1e\xfeP\x1a\xc5\xf5\x1d\
/\xef\xddI\xfe\xfc\xb4p\x96\xb8\x93\x93\xfcL\x00\xbc\
\xf50`m\x0d\x13\x00\x83\x08,\x0b\xce\x84\xca\xdc\xfd\
\x9d^\x04\xf4E\xbb@\x9d\xe1M\x220\xf2\xfa\xa1g\
0\x1c\xf0\x15\xd4\x99<'\xe0@\xe4\x0f\x13\xc1\xc6A\
\x85<\x83\x08\xeb\xc0QW\xdd\x0e\xaa\xc2=\xb0\xf9p\
\xae\xc5\xf1~\xcb\xc9\xc0\xdb\x05\x80\xd0\x0f\x11p\xfc\x12\
\xe8\x95\xa1\x9d\xfe\xbd\xd3\xe6m\x03u\x9a\x87B\x93\xee\
5\xb8>e\x8d\xa0\xc9\xf4\x154<1\xe8\x00\xe4\x97\
\xc6>\x81\x82f\xc5\x87\xbc!\xcd\xe1\xe3\x84o\xc1\xfa\
'$&\xc0\xc7\xbeZ\x96\xf4\x93[\x00\x8cC\x00\x03\
\x5cW\xdf\x82q\x9e\xa5\x90\x92|\xbck\x84\x02Y>\
\xd0\x90\xe6\x9e\xa7\xce\xf4r\xaaO\xdd$hr\xfd\x18\
\xf8\xb2\xa7\xdbO.\x7fh\x12\x89\x00\x8d\xdc\xbe\xc1\xc9\
\xde2j\xf2\xf7\xc3\x9a=\xc5\xb2\xbb\xfe\x06\x8c\xf7\xd4\
\xde!\x00\x86P\xc0\xe3\xc0\x0d\xd6k\xd0\xe9\x13\x82\x85\
;Q\x00<H\x04nj2}\xdeT\xdft\x17\xf4\
\x85\x01\x02d\xf3\xb6a;t\xf6I\xe4\xaf\x08\xbc[\
\xaa\xef\xe7q\xa2\xb7n\xfd\x93.\xc5Z\xcd\xfa\x13\xc6\
\xb8\xab\x99\xcb\xdf\x5c\x00\xc8\x0b\x98\xe0U\x029\xa9G\
\xbaDU@\x9b\xe3\x07\x0d\xa9\x9bH\x08\xe25\x99\x9b\
\x9fmH\xf7\x10\xca\x93\x17rB\xda\x9e\xfc\xe4\xfa\x87\
\xdd+\x1d\x9a\xc9\xa7\xf0\xb6u\xd3b\x0c\xbe3<\xc3\
j\xd6\x9f0bc\xfd\x1d\xe47\xce\x05\xfc\x18u\xae\
K\x08\x80\xbe(\x10\xd4\xe9\x9eL\x04\xd4i\x1e\x07Q\
\x04~\x87\xde\x80\xa0\xe1IA[\xc5\xfc\xd2\xfc}\x05\
#\xfft\xbeo\xbf}\xeb_\x95{\x00\x96\x07WZ\
%\xf9gH\x00\x0eZW\xdb\xaa\x008c\x18\xb0j\
w\x1a4\x14\xed\xee\x1a\x82\x9a\xb7M\xf4\x02H\x04\xd2\
=\xddu\xb9\xdb\x7f\xaa\xcd\xda\xc2\xfa\x04\xf8\xb2\x09\xf9\
\x83\xee\xe1\xe4\xef\xb8\x00d\xa4\x9c\x80\xcf\xb75X\xcd\
\xfd\x1f\xeb\xa1aM@\xad\x09\x00\xe5\x01flQ@\
E\xce\xfe\xae\xb0W\x00\xf4\x8a *\x0bJ\x22\xe0^\
\xa7\xce\xf0\xfa\xf8.\xbc?\xa9eX\x93\xe5\xcb\x89j\
\xb5&\x1fr\xfd\x0b\x03\xefB\x11\x18/\x1d\x99\xcd\x09\
\xde\x01\x018\x97\x14\x0f\x1fm\xd1Z\x85\xfc$*C\
7\xa8Z%\xbf!\x0f0\xd6\xa3\x04\xf2\xd3\x0fw\x99\
\xed\xc3\xba\xfc\xedD~)\x14p/Tgz\xf7\xc4\
\xab\xa0\xcd\x0bd\xdd\xa8|\xc9M~6\xa4a3\x89\
\xc0\x10\x87\x9c\xc5O\x96\xad$\x14\xa0\xb4\x19\xe8{%\
\xf6\x15\x80S\x09\x890\xd5N\xd6\x9f\x09\x00b\xf8\xc6\
r\xb8|\xf9d\x97\x11\x00\xbd\x12\xbd\x80L\xef\xa6P\
 \xcd#^\x9b\xb9\xf9IM\x86\x97\xa0I\xdb\xc4I\
+\x1b\xf9\xa9\xbb\xafl7\xba\xfeln\xdf{\x88L\
\xc7!\xbdHrua\x10Tf\xec\x80\xdc\xcb\xbep\
-\xd6\x13\x92\xce\xb8\xc3\xa5Hw\xb8\x11\xef\x05\x85\xc9\
[\xa1:{\x17h\x15\xc1\x92 \xd8\xfaw\x0c\x82\xf0\
\xd8KVq\xff)\xf6\x1f\xdcF\xeco,\x00C\xd7\
W@Bbd\x97\x9a($z\x01\x9b\x8c\xf3\x01\x9b\
u9\xdb\x1e\xa4\x06!\x0d\xcf\x07\xc8@~:|\x13\
<\x0d%\xbf\x7f\x22.8\x0a\xf1uHh\xc5\xf5m\
p\xe6\xc7\x1f`\xcb\xa6E\xb0d\xc1\xe7\xf0\xc5\xe7\x1f\
\xc1\xccOf\xc0\xc7\x1fM\x87O>\x9e\x0e\x9f\xce\x9c\
\x01\xb3\xbe\xf8\x18V.\xfb\x12vl^\x0a\x09\x11\x1b\
\xa0<}G\x93x\xd8\xc8\x03\x88\x88\xbbh\x15\xd7\xbf\
\xad\xcc\x7fs\x01\x18\xb6\xa1\x02.\x5c<\xd3\xa5\x04\xe0\
\xf6\x5c\x00\xcb\x07\xd4\xaa3\xbc\xc6\xa9\xae\xae\x13t\xf9\
\xbe|\xac\x98\xc5\x02\xa0\xd8-m\xe7\x0dy\x18\xdf\xf0\
\x03\x0e\xe1\xe6\xe35\xef\x8a\x1f\x84l\xff\x1a\xe6\xcf\xf9\
\x14\xa6M\x9b\x0a\x93&M\x86\xc9\x93\x09SDL\x91\
 }=\x09\x7fF\xcf\x991}\x1a|\xbd\xe4K8\
\x14\xfa\x1d\x14\xa1g \x86\x0d\xd6\x17\x80\xe8s\xe7a\
\xfaf\xbd\xac\xe4\x1f\xb5\xa9\x01]\xff[\x1d\x13\x80\xd5\
\xb7\xe0\xc3Me\x90v#\xbc\xcb\xcd\x14\xd4\xe6\xdd\xee\
\x054\xa4\xb9\xa7h2}\xfe\x81B 4\xdc\xf4\xe0\
$6\xbf\xd6/\xcd\xe9W\x06\xd3\x8c\xfeUv\xef\xed\
G\x8b\xad\xca\x0b\x80\x13\xfb\xd7\xc0\x82\xb9\x9fJ\xe4\x9e\
\x0cS\x90\xe8\xa6@\x14\x83I\xf0\xd5\xe7S\xe0\xd4\x81\
U\xd0\x90\x1fh]o\x00\x09w\xedj$\xcc\xf4\xd3\
\xc8\x12\x06P)Q$\x7fu\x87\xc8/\x0a@5\x86\
\x0b\xc5P\x9a}\xa0\xcb\x09\x80^\x11\x88^\x80g\xf3\
P`\x876{\xebO5T\x1a\xe4\xad\xc2f\x90\x9f\
Fv\x974\x9e\xea:\xcc\xee\xbb\xfa\x90\xa0e\xa9\xfe\
\xb0\xcdk\x09\xb3\xe2\xe6\x10\xdf\x18\xf4\xefG\x8d\x1c\x09\
cG\x8f\x84\xad\x1e\xf3\xe1V\xd6N\xeb\x89\x00\x12N\
\x99y\x98m\xff\xb5\xb4\x0f`\xa2\xb7\x0e\x86oT\xb5\
\xd8\xf1\xd7\x16\xa8\x0c8og.\xd4\xe4\xef\xed\x9a\x8d\
V\x86\xee\xc0\xdbB\x01\xef\x0f\xeb\xaf\xaf\x15t\x85\xbb\
8\xa1M\x16\x80\xc2\x9d\xe2A\x0d\xe2\xfc\xbe\xcb\xf6&\
\x7fq\xcav\xd8\xb8f^\xa3{?E\x06\x8c\x193\
\x1a\x86\x0f\x1b\x0a#\x86\x0f\x83\x8d\xabf\xb1$\xa2\xb5\
D\xa0\xbep\x0fl\xd8_hv'\xe0do=\x8c\
\xf1\xd0\xb4\xd9\xec\xd3\x9e\x00\xf8\x1f\xbb\xdceK\xad\xb4\
]\x98\xed\x110\xf6\x02\xd2<\x92\xb4\xd9>\x7f\xd2d\
z\xf3]\x83&\xbb\xfelo?\x9b\xe1\xb7\xd9\xde\xe4\
\xaf@bz\xac]\xc0\xc8?e\x8a|\x187v,\
#\xbf\x01^\xebfCm\xee.\xeb\xe4\x04\xf05\xc3\
N]\x82\x11\x1b\x1b\xd8\xa6\x1d\x22tG\xe2|\xda\xe1\
7\xda]\x0dC\xd6\xd7\x99\xe4\xf2\xb7\x94\x00L\xbct\
\xba\xab\x9e)\x00h\xac\x00\xdd\xfdf^\x00\x0b\x05\xbe\
\x85\x92}wSs\x10$\xf3|@\x07k\xfe\x01\x02\
;\xa5\xa5$\xa4\x1f\xbe\xb9\x95\xf6\xfc`\xa9\xbc\x17\xb4\
\xf5kY\x89\xdf(\x00\xe3\x9a\x04`8\xe2\xc3\x91\xc3\
a\xef\xce\xe5\xa0W\x06[%\x0c\xb8y=\x1c\xadx\
)\x12\xb9\x86\x11z\xe4\xc6zF\xee\xb1\x9e\x1a&\x0a\
\x04\x1a\xebE\x96\x9eb\xfca\x1bT0pm\x8d\xc9\
\xee~K\xd6\x7f\xfe\xae\x5c\xa8\xee\xa2\xee\xbf\xd1\xe8\xb0\
\xc6\xc6 \xa3\x84`\xa1:\xd3\xe7U5z\x01\x0d\x05\
\xbcC\xb0\x03\xe4\x97f\xf7+C~+\x9d\xc8kW\
\xeb\x7f\xfe\xe4FV\xce\x93\xdb\xfa7\x17\x00&\x02\x18\
\x0eL\x9b<\x16\x92c=\xc4~\x01\x99\xff\x1e\x9a\xf9\
\xef~\xe0\x06#\xa4\xf1&\x1d\xb2\xec\xfd\x8d`\xae\xa5\
o\xcd\xfa\x0fZ[\x05'\xe2\xe3\xba\xae\xf5\xbf-\x19\
\xe8\xd5\x92\x17\xe0\xaf\xcf\xdb\xfe\x806{\x8b\xa0.\xdc\
\xcaI\xdev\xd3O\xb0tN_\xc8dD\x83=\xcb\
}\x14\x93\x7f\xb7\xe2+\x96\xb5\xb7\x8a\x070v\xccm\
\x02@\x186t(\xacY\xf99\xab6\xc8\x1e\x0a \
\x01\xd3o\x1cc\xd9xc\x11\xb0&\xe8\xffY\x1e\x9c\
\xd9e\x93\x7f\xed'\x03\x99\x17P\xa9\xce\xf2\xee\xa3N\
\xf3\x14\x1a\xe0\x90C\xf0l\xea\x05\x10>N\x04a\xdc\
9\x9d0<A#\x8c@\x8c?\xa7\x17>:\x0f\xc2\
\x94\xf3`/\xeb\xbf\xdb`\xfd\x7fg\xf7\xa9>h\xfd\
\xa3\x0e\xaf\x85\xe9\xd3\xa6Z\x85\xfc\x86$`s\x01\x18\
>l\x18\x8c\x1f;\x0a\x12Om\xb0\x8a\x17@8\x18\
y\x8eYeW\x1b\x90\x9f\xe6\x00$_\x8b\xe8\xf2\xd6\
\xff\xf6\x81!\xee-y\x01\x075\xb9~\xbf\xa0\xee@\
M\xee6\xbb\x92\x7fH\x5c\x830\x0a\x09\xff\xe2\xc9J\
a\xda\x05\xf8\xe5\x87g\xb5\x7f\x1dsV\xf7\xd7\x19\x17\
\xe0\xa1\xf7\xa3j\x84I\xe7\xf5\xc2\xd8\xb3:;\x08@\
\xd9~C\xbb\xef(\x84\xca\x9e\xd6\xbf.7\x00\xd6}\
?\x975\xefX\x83\xfcT\x06\xfc\xf0\xc3Qw\x08\x80\
\xc1\x0b\xf0\x5c;\x1b4EAV\xf9\xfb\xea\x0a\xf6\xb0\
P\xc0\x9a\xe4\xa7\xc6\x1fJ\xfcE\xc4\xc5w\xab\x8dW\
l\x7f\xc0m\x9d\x81\x8d^@\x0d~\x7fP\x03m\x16\
R\xda\xef\xa81\xe7\x98:a`\x5c\xbd0\xf5\xbc\xfe\
\xbeAq\x0d\xc3\xddb\xebO9\xc7\xa8\x0a]bT\
\x05\xfdc\xeb#F&h\x86~\x9a\x04\xf7\x91\x08\x10\
l\x9c\xfd\x0f1\x9c\xd9\xb7\xdf\xde\xd6?\xfd\xc2f\xf8\
\xfc\xb3\x8f\xac\x12\xfb\xb3f\xa0I\x13a\xe4\x88\x11-\
\x0a\x00\xe5\x02f~4\x01\x947\xb6Z\xa7,\x88\xd6\
\x98&\xf5\xd2\xfe|C\x9c./\xf9\xabY\xdf\xff\x9e\
S\x89,\xef\xd0\xed\x86\xaf\xb4\x14\x06\x88^\xc0!m\
\xeeV\xf4\x02\xb6\x08\x90\xbd\xc5\x0e\xe4W\x09\xae\x88A\
\xf1\xf5\x0f8E\xd7\xcd\xeb\x19U[\xf5~d\x0d\x18\
\xf0\x01\x02\xbf_\x89\xe1\xc0\x8cM)p7\x85\x09\xb6\
#\xbf\xd20\xce;\xe4e\xbb\xef\xf4C\xd7;b\xff\
j\xab\xb9\xfe\x84\xf1\xe3\xc6\xb5H~\x03\xc6|8\x12\
b\x8f\xfd`\xb50\x80D\xa0\x02E`\xe3\xfe\x14\x18\
\x88\xe1\x80\x5c9\x01z\x9d\xd1\xeeep(\xea,\xa8\
\x8b\xba\x1f\xf9Y\x18P\xb0\xa3\xc50\x00\xbfW\xad\xc9\
\xf0qmH\xf7\xb29\xf9]\xd0\xf2\xa3\xb5\xc7x_\
{_\xef\xe8\xba\xd9H\xf6Zc\xf2\x1b\x03E\x22s\
\xfcy\xdd\xf3\xa3\xcejm,\x00\xa5\xac\x02\xf0\x95\xbd\
O\xf0\xa1M>\xb4q\xc7\x9a\xee\xff\xe8V\xdc\x7f\xe3\
0`\xef\xcee\xd6\x13\x00I\x04(\x1c\xd8w\xe6<\
\x8b\xd5\x89\xbc\xe4\xba\x9bK|\xba\xce\xda\x9e\x0f\xe7\x93\
\xcet\x891\xe0\x96m\x10\xf2j\xcd\x0b\x08\xd5\xe5\xf8\
\xb1\xdd\x82\x00\xb69z\xdc9\x96\xc8\xaf\x12&\x9d\xd3\
\xdc\xd3'\xba\xeec$\xff\xad\xd6\xc8O\xe8\x15U\xab\
\x1d\x9e\xa0\x99\x82!\x82-\x05\x80%\xff~\x8ao\xe0\
>{o\xf6\xa1\x0c\xfc\xfaU\xd6\x8b\xff'L\x98\x80\
\xee\xff\xf06\x05`(\x0a\xc0\xe6\x8ds\xc5-\xc46\
\xf8\xbbi\x93\xce\xfa})l\xc3\x0e\x91\x99\x89A\x07\
\xe2|z\x1e\x95\x12\xa7nVB`\xc4E(\xc9:\
\xd8m\x12~m\x96\x5c\xb3}[\x14\x00\xf4\x02\xca5\
\x99\xde\xef\xb2\x99\x01\xe9\xd6\xef\x0et\x8e\xae\x17\x5c1\
\xe6w\xaf\x83\xbb\x90\xfc\x13zD\xd6T\xb4E~B\
\x8f\xa8Z\x18\x18\xd70\x97<\x06[\xc7\xff\x7fB\xa4\
\xdb[\x00h\xef\xfe\xcae\xb3\xacR\xfe\xeb\x88\xf57\
x\x00\xdf\x7f\xfd\x99u\xca\x81\xadx\x03\xe4\xb2'_\
;\x01\xdb\x8e^\x81\xcf\xb6\x16\xc2(\x14\x03:\xec\x93\
H\xee\xbc\xaa\x09\x14\xe3\x0fZW\x05\xe3<J`Q\
@6\x1c@\x0f\xa2 \xfd\xb0t4\xb8\x83\x90\xbf$\
\xa4i KY\xd8\xedh\x1c\xd4b\xbb9\x01\xcd\xbc\
\x00/(\x0d\xbbG\x97k\xdd\x9e\x80~1\xf5\x88\x06\
\xe1\xed3\x15\x02\x92\x7f(\x12\xbb\xa4=\xf23\x01\x88\
\xac\xd5\xf4\x8b\xad\x9f\xe8\x12\xa3\xb2\xb1\x00(C\xde\xb7\
w\xe7\x1f\xdd\x14\xb41g\xd9\xa2/,\xde\xf0\xd3\x91\
\xe6\x9f\xb6\x04`\xc5\xe2O\xa06g\x97m\x07\x88 \
\x81\x89\xc8\x94$\xa4\xc3<\x8e\xc6$@\xe8\xc9D\x08\
8\x9e\x04;\x8e]\x82\xa0\x88$\xd8s\xea\x02\x9c9\
\x1b\x0byiG\xa0\x16C\x08FzG!\xbe!d\
\xca\xda\x01\x90\xe8\x05pt\x15@0\x86R\xdb\x17\x89\
\xa0\xc7\xf4\xbd\x0b^\xe2s\x0c\xffF\xe6\xf7X_\x14\
@{\x01Z\xf1\x02<\xb2\xd4Y\x9b\xff\xa6\xa6I\xc2\
\xb9\xd6I\x06\x0e\x8am\x10\x86\xc4\xaa\x85w\x22\xab\x85\
\xbe1\xaa>H\xfe\xbc\x8e\x90_\xf4\x00j\x14\xae1\
\xaa\x17\xfaF\xd7\xd9\x88\xfcY\xdb\x0c\x1e\x00\xcd\xf9S\
;\x86\x07\xf0\xa5\xec\x1e\x80\xe8\xfa\x8f\xe8\xb0\x00|\xbf\
\xfcS\xdby\x00-\x8e7\xa3\x09FF(i\xf6\xd8\
\x91\x5c}\x22qA @\xcc&\x00\x8f\xd9\x003\xc7\
\x02\x0c\x1b\x00\xd0\xcf\x05\xc0\xa9/@\xef>\x22\xe81\
}o(\xfe\xec\x931\x00\xee\xf8\xdc\xa8\x0d\x00\xf4>\
\x97\x86\xc9\xf7^7\x1b\x17\xd6\x0czu\x86\xe7\xe7\xf5\
\xd77\x08\xdaB\xf9\xdb\x83\xa7\x9f\x07a|\x82N\xe8\
\x85\x04v\x8eV\xbd\xd13\xaa6\xa5\xa3\xe4\x97r\x00\
\xb1\xfdc\xeb\x7f\xe5j+\x0f\x00\x927\x19\x04`\xbe\
#\xb8\x8e\xd4\x03\xb0V\xe6\x1e\x80\x89\x13'\xc2\xa8\x91\
\x1d#\xbf!\x07\xe0\xb3~\x0eh\x8bx<\xdd\xeeH\
6\xca\x93Do\x04\xf8\xfa#$v\x7f$zo\x80\
^\xbd\xc5+\x91\xbeO3010z\xce\xe0~\x00\
\xf3&\x81~\xdfr\x80\xfc\x00\xd9\x12\xaf\xad\x95\x03\xc5\
0\xc0#R\x93\xb5\xe5Wt\x9e\x80\x9ck\xca\x05\x10\
>L\xd2\x0b\x83\xe3\xd5\x02\xc6\xf1\xcf \x99\x13L!\
?\xa1wt\xed\xf7\xc2\xf6,aX\x82\x8d\x92\x80P\
\xc8v\xfe\x91\x00|\xe3\x10u\x5c$\xddv\xef%\xb2\
\x09\x00Y~\xda\xfb\xdfQ\xf2\x1b<\x80=;\xac\x5c\
\x05\xe8\x0a\xe4\xcfD7\xdeg\x9eh\xed\x0d\x84\xee\xd3\
\xc74\x90 \xbc\xff\x01h^\xfc\x17h?\x1f\x06\xfa\
\xcb>\xb2\xbc\xef\xe2\xe6\xa0M\xad%\x03o\xa93\xbc\
{\xd3\xd4 9\xcf\x16$\x01 |\x92\x04\x0f\x0f\x8e\
S\x87}`\x22\xf9\xf1\xf9u\xce1\xaa!\xe4\xfe\x0f\
\x8e\xb7Q\x12\x90\x95\x00+\xfcI\x00~p\x14w2\
|\xcf*Y\x12~\xe3\xc6\x8d\xeb\xb0\xdbo\x8c\xd1\x1f\
\x8e\x80\xe8\xc3k\xb8\x00\xb4E\xfe\xab[\x00\x16M\x93\
\x5c|3\x88\xdf\x0c\x9a\x7f\xfe\x13\x1a\x1e{\x0c4n\
\xef\x80\xfe\xb4\xe5\xef\xbd\xbe\xf0\xce\x19\x01\xcd\x92\x81\x1b\
@u\xe4nm\xdeVY\xc9?-\x09~\x81W\xcf\
\x01\xb1\xf5:S\xad?\x86\x0b\x19\xe8\xfa\xff\xc9\xc9\xa6\
\x09@E\xb0\xe1\x90\xcfo\x1cE\x00R\x12\xbca\xe6\
'\xe6\xee\x02\x9c\x0c\x13\xd1\xea\x8f\xfe\xf0C\x93\x89o\
\xe8\x04\xfcx\xfax(J\xf6\xb3\xdd\xe0\xd0\xceF\xfe\
+\x9b\x01\xbe\x98 \x0b\xf1\x19\xfa\xf6\x05\xed\xcb/C\
\xc3\xe3\x8fC\xc3\xa3\x8f\x82\xfa\xfdWA\x1f\xb1\xca\x22\
\x11\x10\xdb\x82\xbdZ\x17\x804\x8f\xeb\x9a\xec-\x8fQ\
\x18`iO\xc0\xd4D$\xbf\x88\xfb\x91\xfc\xcb&\x9c\
\xd77\xa0\x15\x07S\x05\x00C\x86\xe0\xe1\xf1\x9a\x07\xfa\
\xc7\xda\xb2\x07 #\xcc\x90\x03\x98\xe7(%\xa4\xaa\x8c\
\x1d\xb0`\xf6\x0c\x183f\x0c\x8b\xdf;R\x11\xa09\
\x7f\x13\xc6\x8f\x87\xd1\xa3?l\xb7\xce\xdf\x9e\xfb\xbfq\
\xf5,6\x8b\x80\x13\xbe\x05\xf2\xa7n\x03\x98;Y>\
\xf2K\x02\xa0{\xed5hx\xe2\x89F\x11\xd0\xf4~\
\x13\xf4\x09\x9b\xcc\x17\x016$ds[a\x80J\x9d\
\xe9=\x84\x85\x01i\xe6w\x07N9'Z\xfe\x19W\
\xe1.\xbcN\x9fz\x01\xaaG\x9d\xd5B\x0f\xd3\xdd\x7f\
=\x8a\xc6\xcc\x9e\xd1\xb5\xc2\xc8Sj\x1b\x0a@^\xa8\
\xe3T\x01\x8c\xb0\xdb\x7f\x19#$\x91\xf9\xc3Q\xa3\xd8\
\xee=*\xe3\x8d\x1f?\x8e\x11}<\x01]|\xda\xd6\
;\x06IoJ\x92\xafu\xeb?\x0c\xc6\x8e\x19\x09\x09\
\xc7\xd7q\xf7\xbf%P\xa6\x7f\xdd\x17\xf2\x11\xdfX\x00\
^\x7f\xbdI\x00\x98\x08`80\xce\x19 \xc3\xdfl\
OL\x9b\xbb\xb5u\x01\x10\x93\x81\x9eP\x16p\x8f6\
\xd7\xbc\xa6 \xea\xd7'\x01\x98z\x85\x89@\x7f\x84\x02\
A\x8d<&[\xff\x1eQ5J\xe7X\xd5\x7f\xfa\xc6\
\xd4\x09\x83\xa2l\xe8\x01\x185\x02\xbd\x8d\xa8p\x14K\
Sp\xd5\x0f>\x9f9\x89Y\xe4;\xc9:\xdcb\xb2\
\xb7f\xfd\xbf]\xf6\xa9\xed\xeb\xff\x9d\xc5\xfa\x1fA\xb7\
|\x80\xab\xbc\xd6\xbf%\x0f\x80\xf0\x18\xe2\xc9?\x81n\
\xe3L\xb3\x05\xa0\xcdD\xa0x\xa4\xd8uM\xa6\xd7\xa3\
\xea\x0cO\xd3\xc9\x9f\x84\xf1>\xba\xfd\x93\xc5\xd8\xffM\
D\x0a\x91\x7f\xe2y=\x98\xe9\xfe\x9f\x19\x18\xdb\xf0\x7f\
n1\xf5\x82\xcd\x97\xd4\x0a\xfc\x04\xbei)\x8et\xd3\
\x1d\x0eY\x89\x96\xdd:do)\xf6\x9f<q4\x5c\
\x8a\xdc\xc8\xad\x7fK\xe4'K\xfc\xf981\xdbo\x0d\
\x0f\xe0\x95W\x9a\xc8o\xe4\x05\xa8\xdf~\x19\xf4I\x9e\
f}&:\x96\x08toC\x04\xdck4\x99\xden\
\x14\x06hs}MJ\xf8\x8d\x8b\x14\x87w\xe0\xe3g\
\x11\xf1D~\xc2\x87\xe4\xfeG\xd5\x9a\xea\xfeC\xef\xa8\
\xbae\xff:S&\x0c\x8b\xd6\xdaA\x00J\xd8N@\
\x9a\xff\xbf\xd3\x91\xce\xfa\xab\xc9\xde\x05k\xbf\xfd\x02\x86\
\x0d\x1bju\x01\xa0P#\xd8o\x89\xcd\xfa\xff;\x15\
\x88|\xfb\xbf\x01pu\x96\x9f\xfc\x12\xb4\xff\xf9\x0f\xab\
\x02\xdc!\x02\xe8\x15\xe8VO7\xcb\x0b`c\xc2\xd2\
=\xdb\x09\x03<\xbf\xa9\x8c_.\xe8\xf2L\x10\x00\x91\
\xf8\x84\x87\x11{\x0c\xe4'\x0c2\xc3\xfdG\x01\xa8t\
\x8e\xa9\xfb\x80\x95\xffb\xd4v\x10\x80\xca]\x86-\xc1\
\x93\x10\x1aG\xb2<yW|a\xc1\xeci\xad\x84\x02\
rY\xffa\xb0a\xd5\x97P\x9d\xbd\x93g\xfe[\xea\
J\xa4\x06\x9d\x85S\xadc\xfd\xfb\x88\x8dA\x9a\xe7\x9f\
oY\x00(!\xd8\xf7-\x80T3\xe63(\x83\xdb\
\xea\x08\x14\x91\xee\x11\xa5\xc9\xf1\xfb\xa5\xba\x83g\x09\xb2\
\xb8_\x1c\xdd\xf5S$\xfcz\x84\xce@~r\xff\x9d\
\xccs\xff\x13\xdd\xe2T\x0f\xbb\xc4\xaa\x04\xbb,(\x0b\
6\xe4\x01\x9eB\x5cw4\xf7\xf3\xe6Y/\x98;k\
\xaa\xec\x9e\x00\x11\x9f\xb0z\xc5gPzs;'\x7f\
k\xee\x7f\x12\x1dD8P\xfe\xd8_\x82\xfe\x83\x0f@\
\xfd\xe7?\xdfI~\x96\x0b@Q\xf8\xdb\xd3\xa0\xffq\
\x85\xb8\x99H\xceJ\x80X\x0dP\xa83\xbc\xff\x89\x9e\
@\xbb\xe5@*\xf5\x91\x00\xcc8\x07\xf7 \xe1\xbf@\
\xd4\x19[\x7fs\xdc\x7f\xa9\xfbo\x0d\x1di>(A\
-\xd8m\xb1S\x80J\xf7\xdc-\x1d\x03\xe6p7a\
f\xa2\x0f\xdb\xa0c \xae\xc5\x09?\x14\x93\xd1\xa3F\
\xb0\xf3\x00\xca\xd3\xfc9\xf9[u\xff\x91t\xfb\xd0\xfd\
wq\xb2\x8e\xf5o\xa9\x02\xd0\x82\x08hWM3]\
\x00XK\xb0o\xdb\x02\x90\xbaI\xabN\xf7\x9aJC\
C5\xa9\xde\xad\xf2c2%\xfc(\xf1\x17\xcf\x5c\xff\
\xc1\x88\x12c\xf2\x9b\x9b\xfdG\xf7\xbf\xc69Z\xe5F\
\xee\xff\x80\xf8\x06;\x0a@\xfe.1\x19X\x1c\xf2\x02\
\x22\xc3\x11E\xa0,u;\xf8{/\x80I\x13F\xb3\
\x90\xc0\x1c!\xa0d\x1f\xe1\x93\x19\x13X\x92\x91\xf6\x1e\
p\xf2\xb7\xe3\x01x\xce\xb1\x9e\xfb\xdf\xabW\xeb\xee\xbf\
\x01\x8f`\x180\x03=\x90\xc2@3\x0e\x0f\xdd\xd6\x9e\
\x00PS\xd0F\xa8\x0d\xbf\x1b\xc5\xa2\xe5\x0d>W\x90\
\xfc\x97\x1b\xe3\xfeW\x0c\x19\x7fcL@\xf7\xbf\x8f\x19\
\xee\x7f\xcf\xa8\xdak\xae\xb1\xaaGh^\xa0]\x17\xc0\
i1\x0c(\xddu\x17^\x97\xda{2Pk7\xa3\
\xb6(\x08.Gm\x82u\xdf}\xd9(\x04\xa2\x18\x0c\
e\x07|\xb4\xec\xe6\x0fm\xcc!|4m\x1clu\
\x9f\x07YI\x9bo;q\x98\xa3\x15PC\xd4\x8a\x8f\
\xad\x97\xfd\x7f\xeb-h\xf8\xd3\x9fZ'\xbf!\x0f\xe0\
\xfa\x0e@\xba\xe9aZ{\xa5@\xa9\x1f\xe0\x9c&{\
\xcboZ;Bl\xe2Y\xa9\xdc\x97\x08O \xd9O\
6'?\x86\x0502A\x03\xa6\xf6\xfeK\xf1\xff\xc6\
\xd9\x97\xe0n\x1a\x16j\xf7%\xe5\x01\x0c\xc3A\x12\x1c\
9+M\xa7\xfa\xd2!\x1e\x81\xbe\x8ba\xd1\xdc\xe90\
}\xcaX\x187f$\xcb\xe6\x1b\x84\x80J\x88\x13\xc6\
}\x88\xd6~<|\xb3t&\x1c\x0c\x5c\x01\xd9\x177\
\x8b\x99~^\xea\xebX\x02\x90\xb6\xea\xce\x9fb\x1d\x01\
\xe8\xd9\x134\xcf=\xd76\xf9\x0d\xe5\xc0\xf7^\x01H\
1\xbd=[W\xb0\xb3\x9dR\xa0t\x82P\x86\xf7\xb3\
\xea\x16\xe6\x05\x1az\xfc\xa7\x88=\xfe\xbe\xcd\xc9O@\
q\x80\xfe\xb1\xf5\xe6\xb8\xff\xb5N1u\x03\xc8\xfd\x1f\
\x12\xa5\x12\x1cbAe\xa0\x00\x85\xac=\xd8\x05\xa1t\
\xf8\xf2Tq\x08\xcb\xdeS\xe3\xd0\xb9\x88u\x10\xbe\xe7\
[8\x14\xbc\x12\x0e\x87\xae\x84\x13\xfb\xbf\x87+\xe8-\
\x14\xa7lkr\xf5\xb9\xbbo\x9a\x00\xd0y\x89s&\
YE\x00X\xff\x7f[\xb1\xffm\xfd\x00\xff\x05\xb8a\
\xba\x00\xb4tph\x0b\xfd\x00\xf5\xeaL\xef\x91\xd4\x10\
\xa4\xc9\xf2\xbf-\xe3O\x98v\x9e%\xfd\xe6!\x1aZ\
\x12\x80\xf1\xe7t\xd0\xdbL\xf7\xdf%N\xf5\x88\x13\xb9\
\xff\x00\x0e\x22\x00l8h\xa8\x00\x05,!\xf8\x05\xa2\
\xaeS\xdc\xa8%\xa1Fc\xa8$4\x8e\x9f\x0a\xe5\xae\
\xbe%\x1e\xc0\x02\xf9K\x80\xba7\xdf\x04\xf5\x93O\xb6\
O~C[\xf0\x07\xaf\x01\xdc4\xbd\x14\xa8W\x04\x90\
\x8b\xdfn\x18\xd0\x90\xee\xb1\xa8!m\x03\x0a@pS\
\xa7\x1f\x92\x7fR\x22\xf3\x00\x06 J[\x22?a\xb8\
\xb9\xee\x7ft\xed\xa6/n\xa0\xfb\x9fP/8\xd4b\
=\x01,!\x18\xfc \xbe\x89\xdf\xda\xf5\x980\x0e\xfb\
\x82\x86\xa2|7\x13\xdd\xf5^\xf2\x95\xfd\xfe\xf7?P\
\xff\xe5/\x1d#\xbf!\x098\xe8\x03\x80L\x7f3\x04\
 \xa8\xddf iTX\xa06\x7f\xe7\x03\x9al?\
f\x8d\xbf8\xd4\x98\xf4{\x01q\xa55\xf2\x93\xfb\xef\
f\xbe\xfb\xdf\x8f\xb9\xff1*\xc1\xe1\x16(\xc3DO\
\xa0$\xf8\x17\xf8F~\xdf)<\x01\x0e\xeb\x84Y[\
\xe6\xcb\xd6\x03\xa0{\xe3\x0d\xd3\xc8/\x09\x80\xf6\xcb\x11\
\xac\xae/\xf7\xb6`\xa3\x8e\xc0+\x9a\xec-\xbf\xd3d\
\xf9\x083\xce\x8b\xae\xff\x94D\xf8-\x92|\x7fk\xe4\
'\x8cC\xf7\xbf\x97\x19\xb5\x7ft\xff/\xba\xc5\xaa~\
O\x07\x868\x8c\xfb\x7f{U`\xa9\x00\x8a=\xa2\x08\
\x14\xb3\x91\xe1tf@9'E7\x14\x80\xa3\xab\xc5\
Y~\x16d\xfb\xa1G\x0f\xd0\xbe\xf4\x124t\xd4\xed\
o\xde\x0e\xbci\xa6Y}\x00\xed\xcc\x074N\x04\xe6\
\xa3P\xfcY\x93\xee!Z\xfeD\xb8\x0f\xaf\xdf\x22\xb4\
m\x09\xc0\x90x\xb59\xd6\x1f\xfaD\xd5~O<\x1b\
b\xcf\xda\x7f\x87D@)\xcd\x0b(\x0a\xba\x17\xaf\xa3\
\x11Y\x9c\x18\xddo\xfa\x8f~\xa8\x1b\xcb\xda32\x9b\
\x98\xe9\xa7F\x1f\xcd\xb3\xcfv,\xe1\xd7B\x13\x90\xfa\
\x85\xbf\x83\xfe\x8c\x99'5\xb1v`\x9f\xf6\x05 u\
\xd3-M\xa6\xb7Se\xdaVaR2s\xfdG#\
\xaa\xda\x22\xff\xa4\xf3z@\x0bnV\xef\xbfK\xb4\xea\
}\xa7h:+\xd0\x81\x05\xa0\xd9nA\xe6\xa9\xe0\x9b\
\xfa&\xe2\x84C\xf6\x09pXm/\x80v\xda@\xd0\
\xfc\xed\xef\xa0{\xf5U\xd0\xbf\xf7\x9e(\x06\x86\xb0\x80\
D\xc1 \x0c\xf4=\xfc\x99\xfe\x9dwX\x96\x9f\x11\xff\
\x8f\x7f4\x9d\xf8\xc6\xf1\xff\xf0^\x00\xe6\xee\xd3`\xed\
\xc0\x1d\x11\x00w=z\x003\xa3\xaf\x9f\xa4>\xff\xd7\
\x90\xe0im\x91\xdf\x92\xd6_\x0c\x19\xa2\x07\xc66\xfc\
\xca.[\x7f-\xeb\x11\x08\x15w\x0e*C\x1f\xc3\xaf\
\xd7!\xaa8I\xba\x01\xd0\xf5\xd6\x85,\x82\x86\xa7\xc5\
~}\xf5SO1b\xd3\x1c?\xda\xc5G\xae=\xc3\
\xbf\xff\x0d\x9a\x7f\xfc\x03\xd4\xcf<\xd3\xe4\xea\xb7\xd5\xe1\
\xd7\xae\xf5G<\xf5$\xe8\xb6\xce\x16[\x92\xad1\x19\
\xc8\x08\xdat\xf7EN\xe7\xe0wH\xee\x88\xf6\xc8O\
\x18`^\xeb/\xcd\x0b\x98\xff\x9f\x13\x15\x82M\xcf\xff\
\x93\xcd\x13\xa0\x09\xc2\x0a\xd6,D\xdb\x87\x87 .p\
\x92t\x830 k\x07hF\xf5a\x16\xb9\x91\xd8\xad\
\xc1\x5c\xc2\xb7d\xfd\x07\xa0\xb7\x91\xb6\xcd\xfc\xfe\x8d\x0e\
\x0a\x80\x1aQ\x95\xe6\x1b0#Q\xe7\x8d\xe4\xd6\xb7G\
\xfe\xf1\xe7\xcd\xab\xfd\xa3\xc7\xa0t\x8dU\xbdL\x83?\
\x87\xc6\xab\x85N\xb7h\xc7\x14\x14H\xbb\x07\xa9g@\
\x19\xf2\x17|\xbc\x91'\x08\xbb\xfe\xa6 \xfd\xe1oX\
<Nuy\xd9H\xdeV\xec\xff\xdc3\xa0\xdf\xb3\xd4\
\xb2\xaeM\x13<\x80\xe3\xc9QeS/\xe8U\x1d\xb1\
\xfe\xc3\xcdo\xfd=88^\xfd3\x9b\x9e\xfdg\x9d\
i\xc2!\xe2\x99\x02\xc5\xacg\xe0>\xbc:\xe1\x1b~\
\x0a\xa1\xe5\x84\xe9\xa2P\x04\x83\xee\xdb)lT\x97\xac\
\x96\xbe%\xd7\xff\x8f\x7f\x04\xed\x92\xf1\xe2^\x04\x8bN\
\x09j_\x004\xa9\x1b\xe1\xe6\x8d0\x98\x9fT\xc9\xea\
\xfa\xed\x91\x9f\x92\x7f\xae\xe6%\xff\xb4}\xa3U3\xf0\
\xb106A/t\xfa\xc5\x8e\x15+\xdf#z\x03%\
\xcc+\xf8\xbd4]8\x87\x13\xa6\xeb\x86\x02\xda\x8f\x07\
#Q\x9f\x10\x89j%\x01\xd0N\xea\x07\x90\xbe\xcd\xf2\
\xd6\xedv\x04@\x8d\xe4/\xbd\xe9\x0b\xeb/ew\x88\
\xfc\x841guT\xc77\xc7\xfd\xcfr\x8eQ\xfd\x95\
\x9a\x7f\x86\xc6i\x84.\xb3\xc4*\x01\x09\x01\x85\x04\xbe\
\xb4\x9b\xf0\xbf\x88 D-'N\x17\xec\x0bH\xdd\x0a\
\xdai\x03\xd0J?!\xaf'\xc0^\xeb\x09\xd0Lp\
\x05H\xde\x22\xd3\x86-\x14\x80\xec\xd6\x05\xa0.\xd5\x03\
\xc2\xae^\x00t\xfd;D~s\xc7~I\xee\xff\x96\
\xd1q\xfa{\xe9\xd4\xe0.\xb9\xa08\x08\x05 H\x14\
\x82\xe2\xd0\x9f\xe3\x070\x16q\x89\x13\xa7\x0b\x8a@\xfa\
v\xd0\xce\x1f\x0d\x0d\xcf>\xcd\xb6\xebZL~z\x8d\
\xbf\xfe\x19\xb4\xb3F\x88=\xffr\xed\xd6l\xc3\x03 \
\xeb\x9f\x90|\x14>M\xac\xef\xb0\xf57w\xdf?\x0d\
\xfe@\xcb\xef\xd2\x9b\x0e\x0d\xbdP't\xd9%v\x0e\
\xfa\x8baA!\xeb\x22|Z:v\xac\x84\x93\xa7\x8b\
\x85\x03\x05\x01\xa0\xdb1\x0f\xd4=\xa4\x91\xdeD\xe2\xc7\
L\x8c\xf5\xa5\x84\x22m\xf7\xd5\xf9\xcd\x06\xc8\xdb%\xef\
V\xedV\x04\x80\xc8\x9f\x9d\x12\x00K\x93J;L~\
K\x92\x7f\x182\xc4\xf5\x8f\xa9\xff\x8dK\xb4J\x18\x12\
\x0aB\x97_,'PF\xa1\x01\x1d=\xb6\xe7^)\
I\x18\xc5\x1b\x88\xbaX\x93\x10\x92U\x7f\xd9\x1b\xb4\xdf\
Me$\xa6\xba=+\x15\x12\xb1\x1fm\xa1Dh\xf8\
>=\x07\x9f\xab~\xf7\xbf\xa0]9\x19\xf4I^\xd6\
\xd9\xb5\xd9B' \x91\xbf\xf2\xa6\x0f\xf8\x5cN5\x89\
\xfc\x94\xfcs1/\xf9G^\xc3\xdc\x97OT\x0aC\
\x134B\xb7Yl\xcaPa \x0a@\x98\x14\x1a\x84\
>.\xed.,\xe3\x04\xeab!\x01]1n\xd7\xf9\
\xcfe\xa7\xfcjz\xbe\x01\xea\x97\xfe\x01\x0d\xcf=\x03\
\x0d\xcf\xfc\x85\x81\xcaz\xf4=M\xcf\xd7\xd9st\xdb\
\xe7\x00\x5c\xdb|\xfbk\xc8\x0d\xb6\x19\xe8\xf6\xbd\x00\xf5\
\xa9\xeep\xe4Z\x0cL\xbf\xa0\xeb0\xf9\x09\xa3\xcd\xec\
\xfc\xc3\x7fS\xe0\x12\xabz\x81j\xff\x9d\xa2\xf5W~\
o\x00\x05\xa0\xfc\xa0\xa1\x9b\xf0^P\x86\x0c\xc4\xc7W\
8y\xba`X@\x1bvh\xe2R\xeaV\xd0_\xf2\
\x06}\xc4\xf7\xac\x96\xaf\xdf\xbb\x8c\x1d\xf8I\xde\x02\x1b\
\xf1M\xcf\xa1\xe7Zy@K\xf3\xdd\x80d\xfd\xaf\x5c\
\xdf\x0f\xb3\x12kL\xb2\xfe\xac\xf3/\xd6\xcc\xe4_t\
]\xc0\xf0s\xba\xfb\xfbuG\xf27y\x03\x80^@\
\xa0T2d\xb3\x06\xfe\x89\x8f\xf7\xf1\xbe\x81.,\x06\
l K\x98Ht\x02=.\xb5\xedT&\xe3y\x00\
D~\xe5\xcdm\xb0\xeaR\x01L2\x91\xfcl\xea\x8f\
\x19\xd6\x1f\xdd\x7fU\xdf\xe8\xba\xa1\xbd\xa2j\x85G\x22\
\xd2\x84n\xbfXN@\x19l\x10\x82\x87\xa5\x04!\x9f\
5\xc0a%\x01\x08l\x9c\x08D%\xbf\xd0\xab\x89&\
\x95\xfc\x0c\x18j\xc6\xb6_\xc3\xbe\x7f\xd7\xd8\xfa?\xd0\
\xbe\xff\x11\x09\xc0\x05\xa0\xb1\x5cx6\xcf0\x86\x9c\xa6\
\x0e\xcdE\xdc\xe27,\x87\xec\x02P\x14@c\xbf\x99\
\xf5?\x7f\xfd0|fB\xc9\xcf\xf8\xc4\x1fg\xb3\x93\
\x7f\xb5\xcb\x05\xafla\xc8\xd9zN\xfc;\xf6\x14(\
\xa4)\xc4\xca\xb0\xfb\xa4\xf9\x83\x5c\x048d\x85\xaep\
'h\xd26AA\x8a?\xac\xbc\xa84\xd9\xf5'\x8c\
b\xc9?\xd3\xad\x7f\x8f\xc8Z\x85S\x8c\xeae:\xf2\
{`<\x17\x806\xfa\x06\x18H\x04\x16\x22T\xfc\xc6\
\xe5\x90M\x00\x0a\xfc\xa16\xd5\x0bv^\xb9b2\xf1\
\x0d3\xff\xfa\x991\xf3O\xea\xfc\x0b\x1c\x9cP\x7f\xbf\
k\xac\x8a\x13\xbd\xfdY\x03l\xe8\xc8\xcf\xf0\xea\xc5o\
\x5c\x0e\xd9\x04 o\x1b\xc4&\x87\xc3'\x89j\x93]\
\x7f\xd6\xf7\x7fNkV\xdf?\x0d\xfdD\xcb?\xa0W\
d\x9d\xf0\xc7\xb9<\xf6o_\x04J\x0d\xd5\x81\x90'\
\xa4\x86!~\x03sX\xbc\x0f ?{\x9f\xc9\xdd~\
\x96\x9e\xf7'%\xffb\xd0s\xf8\x8dK\x8cJ\x18\x92\
\x5c\xc3\x09\xde\xae\x00\xe4QN \xc80\x84\xb4/\xa2\
\x94\xdf\xc0\x1c\x96\xa0^\xb1\x07\xb6^\xcf0\x9b\xfc\xe3\
\xd8\x81\x1ffY\x7f]\x9f\xe8\xba\xcf\xde\x8a\xac\x12\x86\
\xc4j8\xb9;\x1e\x0a\x04\x1b\xe6\x0f\xde\xc7C\x01\x0e\
K\x11\x95y\x1e>J\xd4\x9a-\x00C\xcc,\xfd\xf5\
\x88\xaaMw\x89V=MC?\x07t\xe7\xe6\x1f\xb3\
\xfb\x04\xc4\x9c\xc0\xab\x88\x22~#s\x98\xe5\xfa\x17\x1c\
\x83E\x97o\x99M~\xda\xf5\xd7\xd7\x8c]\x7f\x84\xde\
\xd1u\x1b>\xb9\x0aw\x0f\xe0\x99\x7fs\xab\x02\xb4\x81\
(\x98f\x0e\x06\xf0\x9b\x99\xc3T4(\xf7\xc0\xb6\x1b\
Yf\x93\xdf\x92]\x7fh\xfd\xcb\x9ccT\xff\xa3\xa1\
\x1f\xfd\xe2\xb8\x00\x98'\x02\x95A\x86&\xa1\xd1\xfcX\
2\x0eS\xad\x7f\x5c\xd6Y\xf88Qc\xb6\x00\x98\xbb\
\xebO*\xfd\xed\x1f\x1c\xa7\xfei\xa7\x9f\xf9g\xdf\x8a\
@c\x18\xf0\x0c\x22\x97\xdf\xd4\x1c\x1d%\x7fQ\xc1\x11\
Xv\xb9\xd2\xac\x86\x9f\xdb\x1b\x7f\xccJ\xfe\xd5c\xdc\
?\x12\xff\xad0\xf9\x1c/\xfd\xc9\xd1\x1b\xf0\x7f\x88\x93\
\xfc\xc6\xe6\xe8\x08\xd4\xca\xdd\xb03%\xc3\x22\xd7\xdf\xdc\
\xc3>\xa5\xd2_\x82k\xac\xeaw\xd4\xf7?$N\xcd\
Il\xf9\xa6\xa1@:\x8el\x0b\xbf\xb99:b\xfd\
\xcfg\xc7\xc1\xcc$\x8dE\x02@{\xfe\xcdl\xfc\xd1\
\xf5\x8e\xae\xfb\xec\xf5\xd3U\xc2\xe0xN~\xcb\x05\xa0\
$\x00\x05`7y\x01+\xf9\xcd\xcd\xd1\x1e\xf9\x8b\x0b\
\x0f\xc3\x8a+\xe5\x16\xb9\xfe$\x1c\xfd\xcd\xb4\xfe\xe8\xf6\
\xdfp\x89V=E\xa5\xbf\xfe\xbc\xf4'\x83\x00d\x9c\
4\x84\x01\xf3\xf8\x0d\xce\xd1\x164\xca0\x08\xbe\x99j\
6\xf1\x9b\xda~\xcd;\xea\xfb}v\xdao\xdd\x0a(\
\x04ap\x0c'\xbfL\x89\xc0P\x83\x00\xcc\xe179\
G[\xd6\xffRN\x0c|\x96\xd4`\x91\xeboI\xdb\
/Z\xff|\x8c\xfb\xffE\xa5\xbf\xfe1<\xfb/\x93\
\x00\xec\x96\xc6\x8b\x87,\xe379Gk\xe4\xaf,:\
\x08\xab\xaf\x96X\xe4\xfa\x1b\xda~\xcd\xb5\xfe\xbd\xa2k\
\xbdG&\xe9\xeeu\xe3\x8d?2W\x01\x94\xa1\xf7\xf0\
\x96`\x8eV\x87} \x0e\xa5]\x85ifL\xf8\x91\
\xeb\xb0\x8f\x1e\x91\xb5eN1\xaa\xb7\xc9\xfa\x0f:\xc3\
\xb7\xfd\xcaX\x05`{\x02\x1e\xc2\x0f\xfa8\xbf\xd99\
Z\xb2\xfe\x19y'`\xce\xc5Z\x8b]\x7f:\xe9\xb7\
\x8f\x99m\xbf\xe85\xec\x1e\x14\xab~\xd0\x95\x5c\x7f\xe0\
\xb5\x7f\xf9\xda\x81\x99\x00\x04\xff\x8d7\x02q\xb4\x04\x95\
r\x0fl\xbe\x9ek1\xf9-\xd9\xf4C{\xfe\x9d\xa2\
U\x03z\xa1\xf5_\x10\xc9\xc9/c\xfc\x1ff\xd8\x14\
4\x09\xa1\xe67<Gs\xeb\x1f\x9by\xce\xa2\x9d~\
M\xd6_o\x89\xf5?9 \xb6\xe1Wd\xfd\x07D\
\xf3\xf8_\xa6\xfa\x7f\x88a&\x00\xb9\xff\x87\xf9\xcd\xee\
\x08\x90Fy\x97\x84\xb1\x93v\xa0(\x00\xa0p\xa7\x08\
z\xcc\xc6\x80\x1bf\xfc\x87Z\x9d\xfc\xca\xc2\xc3\xb0\xfc\
r\x85\xc5\x89?K\xa6\xfd\xa2\xf5o\xc0\xb8\x7f\xec\xfb\
Q\xd5\xc2\xf08\x1d'\xae|\xd6?\xc4P\xfe\xeb\xcf\
\x87\x84:\xc0l\x7f\xba\xe6m\x03H^\x0d\x107\x0b\
 b2\xc0\xa1\x91\x00\xfb\x87\x00\x1c\x18\x0apx\x14\
\xc0\xc9\xa9\x00\x09s\x01R\xd6\x02\x14\xf87\x09\x86\x15\
~'\xad2\x0cBo\xde\xb4\x98\xf8\x96n\xf9\xed\x19\
U\x1b\xdb/\xae\xfea\x9a\xf830\x96w\xfe\xc9\xd9\
\xffO^\xc0\xef\xf9\x1e\x00;\x13\x9f,}\x9a;@\
\xe4L\x80P\x17\x80\xado\x00\xf8\xbc\x04\xe0\xfd\x9f\x96\
\xb1\xf9e\x80mo\x01\xec\xe9\x07\x10\xfb%@\xa67\
\xb3\xd6\xf2\x0aA0$\xe7F\xc2\x17I\xf5\xb2\xc4\xfe\
\x16X\x7fM\x9f\x98\xba)\xef\x9f\xae\x16\x06\x5c\xe0\x13\
\x7f\xe4%\x7fq\xd0\xbdR\xed\x9f\x9f\x18d/\xf2\xe7\
l\x018\xf31\xc0\xce\xf7$\xd2\xbf\x88\xd7\x17\xc5\xc7\
m\xe2E\xf1\xb9$\x06;\xdf\x078\x8e\xdeB\xf6f\
\x99D \x18\xaa\x15\xfba\xdd5\x85,\xae\xbf\x85\xd6\
\xff\xbc[\x5c\xfd\x1f\x9ccUB\xffx\xde\xf9'O\
\xd6\x9f\x90\xcf\x12\x7f#\x11\xe5\x9c\x8cvB\xf2*\x80\
\xddnF\xc4\x7f\xc9<x\xa1W\xb0\xf6\x19\x00\x7f\x14\
\x91\xcb+e\xc9\x0d\x9c\xc8H\x82\xe9\x89:Y\xdc\x7f\
\x0b\xac\xbf\xb6OT\xdd\xccW\xa3\xaa\x84a\xd1\xdc\xf5\
\x97\x8f\xfctZPq\x08\x1d!\x9e\xcd\x89h\x07\x90\
\xcb\x9f\xb8\x04`\xc7\xbb\x96\x11\xdf\x18\xeb\xff\x06\xb0\xea\
I\x00O\x14\x83\xb3\xf3\xc5\x90\xc0L\xeb_Xp\x14\
\x16[0\xe2KF\xeb\x7f\xd95\xba\xfe\x09\xe7h\x8c\
\xfdy\xdf\xbf\x05\xc4g\x87\x85JS\x80\xab\x0e\xdc\x85\
\xd7~\xf8a\xa7s2\xda\x09\x17\x16\x03l\x7fK>\
\xf2\x136>\x0f\xb0\xfa\xcf(\x02O\x01l\xfa'\x8a\
\xc0\x02\xb3\x13\x7f\xb4\xd9G\x0e\xf2[h\xfd\xf5}\xa2\
\xebf?\xb3\xef\x960\xe4<\xef\xfa\xb3 \xd3\x8f\xa4\
\x87,\xc3\xb1`?\xc1\xebxD!'\xa2\x9db\xfe\
\xab\xdf\xc9k\xf9\x0d\xd8\xf4\x0fQ\x00\x0c\x22@\x9e\xc0\
\x95oM\xcc\x09\x04\xc3\xf5\xdc3\xb2%\xfe,\xb1\xfe\
=\xa2j\xaf\xbb\xc4\xa8\x9er\x8a\xa9\x13\x06\xc4s\x01\
\xb0\xa4\xc5WDI\xe8o\xf1C^\x81\xa8\xe4d\xb4\
\x13\xf9\xb36\x8bY~\xb9\xc9\xdf\x5c\x00\x98\x08`8\
\xe0\xff>@\xf6\x96\x0e\x8b@\xadb/\xb8'\x17\xc8\
\x92\xf8\xb3\xd0\xfaS\xc3\xd0\x22\xc1;O\x18\x98\xc0\x9b\
~\xcc\x8b\xf5K\xf7\x88V\xfff\xf0](\x004\xf6\
\xfbG\x9e\xed\xb7g\xdc\x1f\x04pj\xba\xfc\xc4o\x14\
\x80\xe7o\x17\x00\x03\x8eO\x12s\x0e\x1d\xb0\xfe\xd1\xd2\
l\x7f9\xc8oI\xd7_\x8f\xc8\xdaT\xb4\xfe\xcf8\
a\xec\xdf/\x8e[\x7f\x13:\xfb0\xce/\xd8'm\
\xed%0\xab?\x8b'\xfb\x1c\xc0\xfa\xdf\xdc\x80\xae\xff\
;\xd6\xb1\xfe,\x07\xf0\xdc\x9d\xe4\xa7P\xc0\xeb%\xf1\
\xffn\xd3\x0b\x08\x86\x92\xc2C\xf0\xf5\x95\x0a\xd9\xac\xff\
\xe08\xf3\xad\x7f\xef\xa8\xda%\x94\xb7\xea\x1f\xcb\x13\x7f\
\x1d#\xbeb\x07Z\xfc\xbd\x86=\xfdt}\x00\xaf\xae\
\x88\x08\xde\xdf\xef Y\x7f\xb2\xfe\xd6\x22\xbf\xa1\x0a\xd0\
\x92\x07\xb0\xfa)\xb1G\xa0\xadC=\x8bCa_\xea\
uY\x88\xdft\xcc\x97\xd9\xb1\x7f\x8a\xb3t\xd2\x8f\x1b\
\xcf\xfcw\xc0\xd5o:\xdd\x87<\x00J\xf2\xbd\x81\xd8\
\xcec}Gj\xf6\xf1\x05\x08\xeac=\x01\xa0\xd7]\
\xfb\xd7\x96\x05\x80\xbc\x80\xad\xff\x03\xc8\xdd\xda\x8a\x17\x10\
\x0c\xe9y'a\xf6\xc5:\xd92\xff\xe6\xee\xf7\xa7\xcc\
?\x0a\xc7\x02au\x8a\xe0\xc6c\xff\xb6,>Z\xfb\
[\xee\x86\x8d<4\xcc\x83:\xfa^Fx\xf0#\xbe\
\x1cM\x00\xc2\x00\xae\xac\x04\xf0{\xcdz\xd6\xdf\xe3_\
\x00k\xfe\xd2\xba\x07\xb0\xfe\xefb\x83\x10\xfd.\xcd\x0f\
\xf5T\xee\x81-\xd7sd#\xffX\x0b\xa6\xfd\xa0\xf5\
Ov\x89\x153\xff\xae<\xf6o\xa9\xa4\xb7[\x80\xda\
#M\xc4/\x0e\xa5\x83=_G\xb8#\xf28\xe1\x1c\
\xd4\x03\x88\xfa\xd4\xba\xee\x7fK\xf1\x7fs\x118\xfd\x11\
@i\xd8\x1d\xd6?1;\x16>I\xd4\xc8\x22\x00\xf4\
\x1a\x03,\xb0\xfe}\xa2\xeb\xe6<v\xa0T\x18\xc4\xad\
\x7fK\x1d|aMg\xf9\x15\x87>\x88\x1f\xe0\xbb\xd2\
\x1c\x7fn\xf1\x1d\x19\x8a@\x80\xa3c\xc4M<\xd6 \
?\xb5\x01\xff\xf0\xd7\xb6\x05\xe0\xfb'\x01~\x1c\xd5\xac\
\x1a \xf6\xfb\xffpM)[\xe2o\xcc9\xad\xd9\xd6\
\xbfgT\xed\x15\xd7\x18\xd5\x9f\x9cc\xf89\x7f\xb7g\
\xf5KwH\xfb\xf6\x99\xc5\xff\x19^{I\x07y\x96\
r\x82u\x82\xbd\xfd\x05;\x00\xf6\x0d\xb2b\xf6\xff\xf9\
v\xac\xbf\xd4\x13\x10\xd4W\xfc]\x1a\xf7\x09\x04\xc3\x99\
\xcc\x0b\xb2\xf5\xfb[2\xe7\x9f\x0e\xfa\xe8\x1b]\xf7\xe5\
_\x0e*\x84a\xe7\xf8\x8e?\x91\xf8\xe5\xbb\x0c\xd6\x9e\
\x04\xe0\x97\xf8\xa1\x0dD\xecETpbu\x22\x01\xc8\
\xf7\x07\x08s\xb5\x8e\x00x\xfe\x1b\xad\xff\xd3\x1d\x10\x80\
\xa7\xc4\x8dBy\xdb%\x01\x90\xbf\xecg\xee)?\x92\
\xf5\xbf\xe8\x16S\xff8\xdb\xef\xdf\x9dw\xfc\xb1\x8e\xbd\
\xa2`C\xdb.}\xfd\x1b\xfc\xb0>\xc4\xaf\xc3\x115\
\x9cP\x9dQ\x00\xb6[G\x00\xe8\xf5\xd6?\xdb>\xf9\
\x8d\x05\x80~\x97\x92P6\xe1\xf7`\xda5\x98*\x13\
\xf9\xe9\x84_7\xf3\xad\xbf\x16c\xffO\xffu\xac\x5c\
\x18q^\xdb\x9dc|C)\x8f,~(Y\xfcQ\
\x88\x13\x08\x15'R'\x0f\x01\xf6\x0e\x94W\x00\xe8\xb5\
6<\xd71\xf2\x1bB\x80\xc0>\xe2\xefR\x12\x02\xb9\
\xf9\xe10\xffR\x8dl\x99\xff\x91\x09\x1a\xb3N\xf8\x95\
\xac\xff9\xd7\x98\xfaG\xe8\x90\xcfA\xdd\xf1\x9c?\x16\
\xdf7\x9e\xcc\x13z?\xa2\x0f>>\x84\xa8\xe3\x04\xea\
\x22I\xc0\xc3\xa3\xe5K\x02\x12\xf9Y\xd6\xff/\x1d\x17\
\x00J\x02\x1e\x1c\xc9\x92\x80\xda\xe20\x08HI\x97\x8d\
\xfc\x13\xd1\xfa#y\xcd\x9e\xf5\x87\xd6\x7f\xe2{4\xed\
'\xa1\x9b\xb9\xfel\x8b.\xed\xcb'\x8b_\xc8\xdc\xfe\
g\xa5\x839\xf8\x80\x8e\xaeV\x06\x8c\xfcX\x1e\x0f\x80\
2\xfe\x1b\xfe\xdeq\xe2\x1b\x87\x00\xa7f\x00\x1a\x1aH\
\xc9=-\xdbn?\xc2\xb0\x045k\xdf5\xd3\xfa\x9f\
t\x8bU\xfd\x9ab\xff~\xb1\xf5\xdd\xc9\xe5\xdf-\x80\
\xc2WL\xf2\x95\xb0-\xba\xc3\x10W8a\xbah#\
\xd0\xa5\xaf\x01|-l\x04\xf2x\x01`\xdd3\xa6\x93\
\xdf\xd0\x08tq9\xd4\x17\xef\x03\xef\xeby\xb2%\xfe\
,\xd9\xee\x8b\xa2Q\xe3\x14S7\xf8\xfd\xa8\x1aa\xcc\
\xd9n4\xe9\x97\xb5\xee*CD\xf2+C\x1e\xc6\x9b\
\xe4[\x9e\xd9\xef\xe2\x1e\x00\x0d\xed\xdc\xfa\x16\x80\xe7\xbf\
Lw\xf7\xe9\xdfP\x9f\xff\x9a\xbf\x98A~\xc9\xfa\xfb\
\xbd\x01\x90\xbb\x05\x12s\xe2dk\xfaa\x1b~\xcc\xdc\
\xee+\xcd\xf9\xdf;0\xa6\xe1\xe7\xae\xd1\xf5\xc2\xa0\xee\
r\xc47#\xbe\x22\xd8\x90\xf4{\x06\x11\x86\xd0q\xa2\
t\xf5<@\x00\xc0\xde\xc1\x22\x897 \x99\xdd\xff)\
\x12\x9bM\xf9}\xf1v\x90\x9bO\xad\xbdT\xdf_\xf7\
\xac\xf9\xc47\x16\x80c\xe3\xa1F\xb1O\xb6!\x9f\x86\
\x96\xdf\xde\xe6\xb7\xfc\x96;\xc5\xa8z\xf6\x8e\xa9\x13\x04\
eA7J\xf6\x89c\xb8\xe9\xfa\x22\x22\x86\x93\xa3\x1b\
\x85\x01\x171\x0cX\xff\x9cHH\x22&\x11\x9b:\xf8\
h\x98'\x11\x9d\xdc{\xda\xd0Cu}KIoL\
~\x8f\x7f\xb33\x04\xe2\xb2\xcf\xc9\xb6\xd7\xdf\x92\x96_\
B\xef\xe8\xbam\xc3\xcej\xef\xa7\xb8\x7fPd}w\
\x88\xf9\xa5\xf2\x1e\xb3\xfe!\xaf!\xcesbt3\x14\
\xedB/`P\x93\x00\xd8\x0aG\xc7BU\xe1>X\
%\xc3\xb1\xder4\xfd\xa0\xf5/r\x8eU\xbd\xd6\x07\
\xad\x7f\xcf\xf8\xdan\xd2\xd5\xd7\xb8O\x9f\xed\xd8K\xe4\
\x84\xe8\xa6\xb9\x80\x94u\xe8\xe6\xbfl\x1b\x11\xa0\xda\xff\
\xb6\xb7Y\xfe\xe1L\x96|#\xbe\xa9\xe9\xc7\xd5\xcc\xa6\
\x1f\xd1\xfa\xd7\xae\x1f\x93\xa4\xbd\x87\xfa\xfd\xc7\x9d\x86\xae\
n\xf9\xd1\xea\xab\x1b\xb7\xed>\x87\x88\xe3d\xe8\xe6\x22\
\x10?G\xcc\xca[S\x04\xe8\xb5\xdd_`\x99\xff\xb2\
\xa2C\xb0\xf2J\xb9l\xd6\x7fD\x82\xc6\xec\xb2\x1fZ\
\xff\x0c\x97\x18\xd5?h\xbb\xafK\xac\xaa\x9b\xb8\xfe\xe2\
\x84\x9eG\xa5\x99|\x9c\x04\xbc1\x08\xe0\xe4t1\xee\
\xb7\x86\x08\xd0knx\x1e \xee+\xd6\xf3\x1f\x9eq\
\x09\xa6]\xd0\xcbV\xf6s2\xbf\xecG\xdb}\x17t\
\x9bQ_b\xa9\x8f%\xfd~\x8aW\xcf\xcep\x0c\xf4\
\x9d\xe0\x84\xb5J{0\xe5\x03H\x04\x8c\x93\x82r\xb9\
\xfdd\xf9cg\x01(\x03\xa1\xb8\xf00,\xbd\x5c%\
\xdf\x9c?\x0b\xca~t\xc4\x17\x86\x0e\x8fS\xcb\xaf[\
L}W'\x7f\xa8(\x00W\x03I\x04f8V[\
\xaf1\xc1\xe9d\xd9=\x00\xa5\xfb\x11\x07\x01\xca\x0e!\
\x0e\x8bW\xfa\x9a\xbeO?\xbf\xed\xdfq\x12\xcb\x22\x02\
\xe4\x09P8\xe0\xfd_Q\x04,\x11\x02\xf6o\xa9\xde\
\xff\x16@\xd2\xb2\xc6\xcf\x966\xfcLq\x80I?h\
\xfd\xeb\xd1\xfa\x8f{\xffd\xb5\xd0\xffB7\xe8\xf7\x87\
\xdc\x83\x86F\x1f\x9a\xcf\x97\xe38\xa4\x0f\x15\x89]q\
\x1a\xa0:\x09\xa0.\x0d\xa0\xa1\x00@S\x0e\xa0\xad\x06\
\xd0\xd55\x81\xbe\xd6\x94\x89?\xaf\xbb\x09p\xeb\x1c@\
y\xb8$\x08\x5c\x0cd\x13\x02J\x0cR\x8f\x00\xb9\xed\
d\xc1M\x11\x02\x83p\x90\xd5?4\x1a \xc3S\x9a\
\xfb\x17\x0c\x05\x05Ga\xe1\xa5j\xd9&\xfd\xf4\xb7 \
\xf1\x87\xc2q\xa8\x7fL\xc3\xffQ\xcb\xaf[|}w\
\x89\xfbC~m\xff\xb8_\x22i\xe9\x8f\x00U\x09\x00\
\xaa\x0c$v\x15\x80^\x0d\xa6/=\x0a\x83\x0a\x05\xa1\
\x08\xc5#Q\xf4\x14\x8c\xff\x0f\x0e\xf3\x13\x83E\x01\x00\
W\xbe\x01\xd87D\x1c\xe3M\xfd\x01L\x0c\x9el\x22\
y#\xa4\xefS\xff\xc0\xe6W\x91\xf8\x1f\x8a\x87\x8c\xd2\
\xb9\x03\xd2\xd0O\xda\xee\xbbW\xc6)\xbf\xa3\xcej\xcd\
\xde\xed\xd7#\xaa\x86\x9a~z\xf5\x8c\xae\x15\xbe9\xd9\
\xd5\xb3\xfeY\xdbD\xf2\x17\xec\xa4\xebg\xf6\x1b\xc9M\
\xa4\x0cCK\x7f\x02\xa0\xf6\x06Z\xf2J\xe4\xaf\x0e\xe4\
[zQHj\xae\x88\xe2\xc2E@\x9ef!\x0a\x0b\
\xd2=\xc4\xd0\xe0\xd8x\x80`gq\xa2\xef\x96\xd7\x00\
|_\x07\xd8\xf6\x0e@X?q\xcc\xf7\xb9\x85\x00Y\
>\x12\xf1\xc3n\xfb\xec\x0b\x0a\x8e\xc9\xb6\xdd\x97v\xfb\
\xb9\x98\xb9\xdb\x8fY\xff\xe8\xda\xcd\xc3\xcek\xees\x8b\
\xab\x17\x86Duq\xf7\x1f*\xf6\x8a\x0d?\xc5!\xff\
@\xdc\xb4\x0f\xf1\xd1\x0aT\x9c\x14\xad=Ylk/\
\x0a\x13\xaabd9\x92\x9aC\xf2\x08hx']\x0b\
w\x8a\xe3\xbcs\xfc\xf0\x8a\xc8\xdb&&\x10\xe9g%\
a-\x8e\xf9\x96\xdb\xfa\x0f\x8bW[R\xf6\xcbv\x8e\
U\xfd\x9bN\xf7\x1dp\xa6\xae\x8b\x93?\x7f\xaf\xd4\xeb\
\xcfFto\xb4\xcb\xcdSv\x04-~\x8am\x88o\
\xbct\xf5\xe8\x0d\x5c6\xca\x0fp\x22\xcb\x96#(i\
\x86v\x0c\x00\xc5\xfe\x0bd\x8a\xfd\xe9\x80\x8f>\x96\x95\
\xfd\x16\x97\x03\x88c\xbe\xa0\xab\xbb\xff\xf5[\xd0\xfa\xb3\
\x8e\xbf7l;\xa9\x17\x09W\xb2\x1b\xe0V\x82\xe8\xea\
\xdbk\xe9\xb5(>\xd7\xc5\xdf\x85\x93\xd7. \xeb/\
\xd7\x09?\x96\xf6\xfb\xf7\x8c\xaaM\xec\x17W\xffGj\
\xf8\xe9\xf2{\xfd\x01NK\xf3\xfcBho\xfff\x9b\
\x92\x9fbp\xca\xe6\xeb5`\xf7E\x22Ps\x89\x87\
\x03v\xca\xfb\x14\xcah\xfd-I\xfcIe\xbf\xf1\xff\
\x8b\xa8\x16\x06w\x8b\xb2_\xfeNC\xbf\xff\x7f\x11\x05\
6#?\x95\xe5\x1a\x14\xe0P\x8b\xc2\x81\xca(\x1e\x0a\
\xd8\xc1\xfa\xefO\xbbn\xf71_R\xd9o\x7f\xff\xf8\
\x86\x87\x5c\xe2TB\xff\x84n\xb1\xdb\x8f\x12\x7f\xfb\xee\
\xc6\x0fb\x95\xcd\xc8_q\x0a]\xfe\x0ap\xc8\xa5.\
F\xcf\xe4\x80\x83\x8b@\xa8\x11\xc2\x9a!\xb4\x93y1\
\xf2Z\xff\xa1\x96$\xfe\x22k\x95N\xd1\xaa\xb7\xfbD\
\xd6\x09\xcfNH\xed\x0e\xe4o\xdc\xe9\xf7$\xe2\xbam\
\xc8\x7fF,\xc39\xec\xd2\x01\xdc\xba\xe0\x80\x02 \x12\
[S\x1c\x08\x95\xca\xad\x90\xa9\xd8\x00IE+!\xb6\
h1D\x15.\x84\x18\xbc&\x16\xad\x80\x0c\xc5z\xa8\
P\xfa\xb1\xe7u\x061\x10\xad\x7f\xb2\xdd\x07}H{\
\xfdW\x8dM\x80{\xdcb\x1b\x04\xd7\x0b\xdd\xa1\xe7\xbf\
$\xd0\xb0\xdbo\xa2\xf5\xeb\xfe\xe4\xf6\x9f\xb0o\xb2\xaf\
\xc3^\x80\x12\xa0d\x9fC\x11\xbfJ\xb9\x8d\x11>\xb8\
`:\xac\xc9\x1b\x0cK\xf3\x9caAno\x98\x9b\xdb\
\x13\xe6\xe4\xf6`\x98\x8f_/\xc9s\x82\xd5y\x83 \
\xa0`\x0a\x9c+Z\x06\xe5J_\xa3\xd7qL\xeb/\
G\xd7\x1f\xfd\xfb~\x16t\xfc\xf5\x8c\xaa\xbd\xe4L\x87\
{F\xab\x04\xe7\x98n2\xe4Sl\xf9\x0d\xa6\xb3\xfa\
v[\x9d\xfc\xd4}\xa7.\x81N\xb1\xf4\x0db\xcb\xb1\
\xdd\xbd\x80P\xa8Q\xfaC\x5c\xd1\x12p\xcf\x1f\xc1\x08\
\xffU\xee\x070\x9b\xa1G#\xf1\x8d1\x9b\xe1\x03\xf6\
\xbcy\xb9\xbd`m\xde\x108\x96?\x0bJ\x8a6;\
\xa4\x08\xfc(S\xcf\xbf%\xf3\xfd\xa5\xc4\xdf\x84\xd7O\
W\x09C\xe3\xbb\xc9\x01\x1f\xa0\x0c\x94N\xf1\x09y\x01\
\xaf\xf9\xd6m\x10\xd9\x03\xa0\xca\x82N\xb5\xa87\xc0\xce\
\x02\x90\xad\xd8\x08~\xf9\xe3\x18\x91\x89\xd0sZ!}\
[ 1\xf84\xe3mXv\xd3\x09.\xe4-\x07m\
q\x90\x83\x08\x81x\xc4\xd7\xd2\xcb\x95\x16\xef\xf8\xb3d\
\xab\xaf!\xf1\xd7/\xae\xfe!*\xfbu\x8b\xed\xbe\xa2\
\xfb\xef/\x9d\xda\x1b2\x0d\xa1\xb5\xea\x87M\xfd\xf7\xb2\
\xb6\xf3\xda`\x91`\x15\x87\xd9\x85\x1c:$\x07\xb9\xfb\
\xdf\xe5\x0d`\x046\x87\xf8\xc6\xf82\xeb=\x98p\xed\
%\xf88\xf9M8\x98\xfd)\xd4+w9\x84\x08D\
d\x5c\x84\xa9\x16\xee\xf7'\xd7\x7f\x90\x055\x7f\xf4\x1a\
\x94\xce1b\xe2\xef\xa9e\xc5B\xb7Yb\xe7_\xc8\
\xfd\xf8A\xec\xb2n\xdc\x7f\x14@{\x0b:\xdd\xa2\x8d\
C%{\xed\x90\x14\x0b\x86\xb3\x18\xbb/\xcbu\x91\x85\
\xfc\x84\xafr>\x80\xc9\xc9\xaf\xc0\xf8\xab/\xc2\x94k\
\xaf@h\xd6\x0c;\x8b@0T\x16\x1d\x84\x95W\xca\
,\xb6\xfe\x1fZ0\xe3\xcf\x90\xf8\x9b|\x1e\xee\xe9\x1f\
\xd7 \xb8\x9d\xefN\x07|\xb0}\xff\xa1\x8fY7\xfb\
\x1f*n\xc7\xed\x8cK]\x0aPj\xfbD\xe0\xe5\xa2\
oay\x9e|\xe4ga\x00\x0a\xc0\xd4\x1b\xaf\xc2\x84\
\xab/5\x8a\xc0\xa1\xec\xcf\xd0\xd3\x08\xb2\x9b\x00De\
\x9e\xb7x\xd6\x9f\xa5\x9b}(\xf1\xe7B\x89\xbf\x18\x95\
\xe0\x1a\xd3\x9d\xc8_\xb2\xcfP\xfe{\x1fQi=\xeb\
\x7f\x5c\xdc\x9f\xcf\x05\xa0Cb\x99\xaf\xf0`\x19|9\
\xc9o\x10\x80i7^c\x02`\x10\x01\x0a\x07.\xe4\
}m\x17/\xa0Z\xb1\x1fV_-\xb6\xd8\xfa\x0f\xb1\
`\xca\xcf\x07\x915u}\xa3\xeb\xc6\xbc\x1aQ%\x8c\
\xbc\xa0\x11\xba\xd5\x82\xb2c\xe2\xd9~\xe2\xb6_\xbd\xd5\
>l\xea\xaf\xef\xac\x8b\x95\x02m\x17\x02\xd4\x17\xefb\
\xa5;\xb9\xc9\xdf\x92\x00\x10\xc6\xa1\x08,\xbf\xe9\x0c\xa5\
\x8a-6\x16\x01\x0cq\xb2\xe2-\x9e\xf3?\xc6\x82)\
?R\xe2/`@l\xfd\xcf\x5c\xd1\xfa\xb3\x0d?\xdd\
J\x00X\xed\x7f\xcf=\xf8\x81x[\xaf\xcf\xff\x808\
\xad\xa7\xb3.Uv\xb3\xbd\xea\xd6\xb5\xfe\xe4\xfa/\xca\
\xed\xd3jy\xcf\xd2\x1c\xc0\xd4\xeb\xaf\xdc&\x00\x06\x1c\
\xc8\xfa\xd4\xa6\xd6\xbfN\xb1\x176&\x17Zd\xfd\xd9\
xo\x0b\x5c\xff\x1eQ\xb5Y\xce1\xaa\x17\xfb\xc6\xd4\
\x0a\xbd\xe2*\x85n\xb7\xa4\x81\x9f\xff\x87\xd7\x13V\x13\
\x00\xea\xa9w\x84M>\xe6\xae\xdad\x9b\x95\x01U\xc5\
;ak\xfex\xb3K}\xed\x0a@\xf6\xfb09\xf9\
\xbfw\x90\x9f\xbc\x80\xf97zAq\x91\x8f\x8d\xbc\x80\
`\xb8\x94\x13\x0d3\x93,;\xe3\xcf\x92}\xfe\xf8\xef\
4}\xa2\xeb\xbex(\xac@\xa0\xf9\xfe\xfd\xbb\xfa|\
\xffV\x05\xa08\xe4\x11D\x8a\xd5\x04\xa0\xe6Z\xe7%\
?\xed\x0c\xac\x8a\xb5\x91\x00\x84B\xbab\x1d\xeb\xe0\xb3\
\x86\xf5'|\x91\xf9.L\xbc\xf6r\x8b\x1e\xc0$\xfc\
\xfe\xa9\xdcy6)y6(w\x83\xcf\xf5\x5c\x8b\xac\
?k\xf7\xb5\xac\xe6\x7f\xac\x7fL=;\xd6\xdb\xb5;\
\xcc\xf7o]\x00\x82i\xf2\x8f\xc2:\x8d?\xbb\x01\xea\
s:\xaf\x00\xd0PQ\x9a.l#\x0f\xe0X\xe1,\
\xab\xc4\xfe\x06|\x92\xf6V\x8b\xe4\x17\xbd\x80\xff\x80{\
\xda\x08$\xe7.\xab[\xff\xd4\xbcS\xf0ER\xbd\xd9\
\xd6\x9f\x5c\x7fK\xda}{D\xd6\x16;\xc5\xa8\xde\xef\
\x19]#,=\x0bB\xb7]\x92\x07\x80\xbe_H\x95\
u\x04`_\xe7i\xfbm1\xfe\xcf\xb0Yb\xac\x1e\
\xdd\x7f\xdf\xfc\xb1Vs\xff[J\x00\x1a\x83*\x02s\
n|\x00e\x0a_\xab\xfe\xcd:|\xed\xa0\x9bi\x16\
\xba\xfe\x1aK\x5c\x7f\x9a\x10\xf4\xed\xd8\xf3pO\xbf\xd8\
\x06ap\x8c\xa6\xdb\x0b\xc0\x08\x84\xcaj\x09@\x87\xde\
\xf1\xd7\x96\xfb\xaf\xb6\xe1L\x80P\xb6sO\xae\x8e?\
S\xdd\x7f\x83\x00|\x94\xfc\x06\x5c/XeE\x01\x10\
\xc7}Y2\xec\xd3R\xd7\xbfgT\xedY\xb7X\xd5\
\x13t\xb8\x87Kw\xaa\xf9\xb7!\x00\x93\x10\x1a\xeb\x09\
@u\xe7\x14\x80\xfa|\xa3\x03E\xac/\x00\xb9\x8aM\
\xb0,\xcf\xd9:\xe5?\xc4\x8c\x9bo\xb4J\xfe\xa6<\
\xc0\x7f!2w\xbeU\xf3\x00\x87\xd3\xaeX\x94\xf5w\
\xb3\xc0\xf5G\xeb\x7f\xabot\xdd\xe0wOW\x0b#\
\xcfi\x85n\xbf$\x01\xf8\xd4:=\x00\x06\x01\xa8\xe4\
\xd6\xbf\x03\x02\x90\xaa\xf8\x01\x16\xe7\xf6\xb5J\x02\xf0\xf3\
\x8cwX\x92\xaf=\x01 \x1c\xcb\x99e%\x01\x08\x86\
\x8a\xa2\x83\xb0\xc2\x82C>-\xc9\xfaK\xa7\xfaz\x0f\
JP\xdfO\xe3\xbd\xbb]\xcd\xbf\x0d\x01\x98c\xbd\xdd\
\x7f{\xc5F\x9a\xce\xb6\xea\xd2mX\xfb\x17\x05\xe0\x86\
b5,\xb2\x82\x00P\xe9\xcf\xd0\xfe\xdb\x1e(\x0c8\
\x92\xfd\xa5\xd5\x04 &\xf3\x9c\xd9m\xbf2\xb8\xfe\x97\
\x5ccTO\xd3xo\xd7(\x15'\xbf\x91\x00|e\
\xbd\x1b\x1bo$Uf\xe7\x22?5-\xd1hr\x9b\
n\x01\x0e\x854\xc5ZX\x92+o\x09\x90\x12\x7f\x1d\
q\xfd\x8dq<\xe7+\xab\x08\x005\xfe\xac\xbfVd\
\x96\xf5g\xae\xbf\x05\x0d?\xe85T\xa3\xeb?\xfc\xbd\
\x93\xd5\xc2\xc0\xf3\xea\xae?\xde\xdbD\x01\xf8\xcc\xaa\xbb\
\x00\xe9\xfc>:\x85\xa73,6\x0c4\xda\x0e\xfb\xff\
C\xa1@\xe9)\xeb\xe6\x1f\x22\xff\xc7\xa9o\xc2D\x13\
\xc8O\x9b\x83b\xf2\x16YA\x00\x82\xe1JN\x14\xcc\
LR\x9b\x95\xfc\x1bj\xa9\xeb\x1fU\xe7=$^s\
\xbf[l\xbd\xd0/\xbe\x9e\x13\xbf\x99\x00\xd0\xc9\xbf:\
\xabN\xfd\xed\x0c\x1b\x81\xa8\xe9\xa7\xfa\xa2\x9d\xb6\xc6\x8a\
\xa3\xbe\xd6\xc8\xb4\x01\x88Z~?B\xcbo\x0a\xf9\xc9\
\xfd\xff$\xf9-H/\x5c'\xfb{\xa0Q\x86\xc1\xd6\
\x1b\xd9fY\xff1g-\xeb\xf5g\xae\x7f\xb4\xe8\xfa\
\xbbq\xd7\xbfE\x01\x18\x8d\xa8\xb7^\x1e\xa0\x134\x03\
\xd1\x90\x12j\xf9\xb5\xe3\x81 \xea\xe2\x00\xd8Y0\xc9\
\xe2>\x80/\xb3\xdem\xb3\xde\xdf\x96\x00,H\xe9\x05\
\x95\x8a\xad2\x0b@0d\xe5\x85\xc3W\x17\xebL\xb6\
\xfe\x96n\xf3\xfd Jt\xfd\xdf9}K\x18LY\
\x7f\xee\xfa\xb7(\x00}\x10\xb7\xac\x1a\x06T\x9e\x11\xe7\
\xeb9\xaa\xe5g\xa7\x01\xd9\xfbH\xb0P8Q0\x07\
f\xe5\xbco\x16\xf1ge\xbf\x07\x9f\xa4\xbd\xd9b\xaf\
\x7fG@\x9d\x80~\x19\xe3@\xcb\xa6\x08\xcb\xd8\xf8S\
\xb0\x03\xf6&'\x99\x95\xf8\x1b\x1cg\xfe6_i\xc8\
\x87\xf7\x90\x04\x0d\xcb\xfa\xd3\xa0\x0f\xbeZ\x16\x80\x97\x10\
%V?5\x96N\xfeq\xc4r\x1f\x9d\x0e\xcc,\xbf\
\xfd\x07\x7f\xde,X\x03\x9f\xa7\xbc\xcdbwj\xdc!\
W~v\x1b1>e\xf8?\xcf|\x07>J}\xc3\
l\xe2\x1b\xc7\xff\x09yK\xe5\x8b\xff\x95\xc1\xa0\xcb\xdb\
\x0a\xcaT\x7fX\x9aTb\xb2\xfb?\xca\xc2\x09?l\
\xc8G\x0cw\xfd;\x22\x00\x7fDdZ\x7f\x1a\xf0!\
q\xb8\x86#\xf5\xf9\xd3Y\x84v\x9a\xf7\xd7b;\xb0\
r'lH\x1d\xca\xac1u\xedM\xb9\xfe\x0aLO\
y\x9d\x09\x02\xf5\xf1\xcfD\xd0\xf5#\xfc\x9a\xbeO\xe3\
\xbd&v\xb0\xbe\xdf\xb6\xf5\x7f\x11V\xa4\xb8B\x95b\
\x9b,\xee\xbf\xbe(\x004Y\x9b\xa1!\xcd\x03\xaeg\
\xc5\xc1\xea\x1bj\xf8(\x11:\x1c\x02\x8c?g\xd9p\
OC\xd6\xff\x9d\x13\xe8\xfa'r\xd7\xbf=\x01\xa0\xed\
\xc0\xa7ls\x18\xc8I\x07h\x0d\xd6\x034\x14\x8ag\
\x138\xe0I?\x17\xf3V\xc2\x8ck\xaf\xb3\x98\xdcR\
bw\x14\x93\xd1\xfaG\xe6,\x90\x81\xfch\xf5\xf3\xfd\
A\x9d\xe1\x05\xea\xd4\x8dP\x9e\x11\x02I\x8aR\x88Q\
\xd6AHv=,\xb9\xa6\x85i\xed\x08\x81x\xa0\xa7\
E\xdd~\xe4\xfa{\x0e\x8aS\xdf\xef\x1a\x8b\xae\x7f\x02\
w\xfd\xdb\x16\x80\x92P+\x0e\x04iI\x04N\xdbo\
@\x88\xb6F\x1c\xf3]\xba\xdfa\x8f\xfcR+\x03\xc0\
/}\x9c\xcd\x04\x80\xac\xff\x86\xb4\xa1P\xab\xf4\xb7H\
\x00\xf4\x8a@\xd0\xe6\xf8\xa1\xd5w\x87\x06$\xbf*\xcd\
\x0bR\xf3\xaf\xc0\xd9\xe2:D-\x9cCD*\xea`\
{F\x03\xcc\xbd\xack${s\x01\x18As\xfd-\
\x88\xfbY\xaf\x7f\x9c\xeaI\xea\xf5'\xf0\xd5\x96\x00T\
\xee\x10\x87\x82\x16\x87|n\xd3\xd3\x80\xcb\x8f\xa1\x15\xce\
\x07v\xfc\x96M\xea\xfb*\xb1\xbb\x8ff\x13\x1a~\x07\
\x07>\xef\xaf\xa8\xc8\x0b\x96\xa6\xf4e\xe4\xb46\xf9i\
\x07`\x86E\xa5\xbf`\x96\xe8Sgx#\xf171\
\x90\xf5/\xce:\x00\x17\x94\x95\x8c\xfc\x06\x9c\x93\x10Q\
X\x07\x1e\xa9j\xf8\xfc\xa2\x9e\x89\xc0d\x99\xba\xfdz\
D\xd6\x968E\xab\x9c\xdf\x8b\xae\x11F\xc6\xf0^\xff\
\xf6\x05\xa0,H\x0a\x03B\xdf\xc5k\x85m\x8f\x04\xdf\
'\xd6\xdd\xad6*\x5c/Z|J>V\x9c\x90b\
\xfd\xcer\xdao(\x5c\xcd\xff\x0ef]\x7f\xd7j\x22\
@\xaf;3\xf9-8\x97\xb7\xccl\xf2\x8bV\xdfW\
\xb2\xfa\x9b$l\x84\xda\xb4\xcdp\xbd0\x0d\x12$\xeb\
\xdf\x1c$\x02\x09\x88\xc3\xf9*X\x93\xa2\x81O\x92\xf4\
\xecP\x0fW\xcb\xba\xfdt}\xa2\xeb\x96O<\x07\xf7\
\xf4\x8fi\x10\x06\xc4p\xd7\xdf\x94<\xc0\xef\x11\x17\xed\
r\xb3S\xdbm\xcdU\xf1\x94`*\xc9\xc9\xd1\xcdG\
\xc7\x8d\x93\xb8\x94\x1d\x95n\xee\xcey\xccwb\xde\x0a\
\x14\x81\xf7d\x17\x01z\xbdO\x93\xff\x07\xd1\xb9\x0b\xd9\
\xf9\x03fe\xf8\xa5X\xbf\x89\xf8M\x02P\x98\x1d\x81\
$\xafn\x91\xfc\xcd\x85 NY\x0b{r\xeba\xce\
\xe5zp\x8a\xae\x81\xf7\xcc\x9f\xf0s\xb4_l\xc3\xc3\
\xb4\xc5\xb7\xdbo\xf35M\x00(\x04\x08\xbb\x17?X\
\x1f{\xcd\x86g\xd7\xd2\x83\x00Uqh\xb1S\xc5j\
\x01\xb9\xedl\x96\xa0\xbeu\x0bO?\xa7\xe7QN\x81\
N\xf0\xa1\xb6\xe3\xf2\x08i\x8aop\xa7%\xbe\xb1'\
p-\xff{X\x96\xe2\xc4r\x02\x96\xe6\x05\xc67\xce\
\xff\xeb\x89\xe2\xf2\xb5Y\xe4\xd7\x17\xee\x02M\xf6\xe6f\
V\xbf\x89\xfc\xd5\xe9\xdb\xe0JQn\xab\xd6\xbf5!\
8QP\x0d\x1b\xae\x97\xc3\x94sU\xd0;\xca4!\
\xe8\x11U\x9b\x8b\xf1\xfe\x1b\xbd\x22k\x85B\x9e\xf17\
Q\x00\xb2~\x14\xa0\x84\x1d\x0f>\xdc:\x83AL\x11\
\x82`\xd1bSx@\xd6\x9b\xb6\xe4\xde:/&\xee\
j\xaf\x89\x0d;\xd4\xb1WsI\xfc>\xfd\x9c\xf2\x09\
,\xa9\x17\xd6EH\x7f\xa7\x08(\x8a\xbc`[\xc6x\
6\xb0\x83J\x84\xa6\x0a\x01=\x9f\xfe\xdd\xb4k\xaf\x81\
O\xfa\x87\x90[\xb8\xc9d\xb7\xdf\x90\xe4S\xa7{\xb4\
@\xfc&\xe4\xe4\xc6t\x98\xf8\x06P8p4\xb7\x1c\
B\xd3\x8b! \xad\x04\xbe\xbfZ\x06\xa3\x13n!\xb1\
\xdb\x17\x02t\xfd\x1b\xfaF\xd7}\xf2\xcbp\x850\x80\
&\xfc\x9c\xd3pR\x9b$\x00\x85{\x0ca\xc0\xe3\x88\
\xab\x8etdt\x13\x82$\x18\x7f\x1d\xdcE\x09\xdf\xb2\
\x08Pu\xe0R\xfe7ln\x1f\xc5\xee\x06R\x1b<\
\x83\xf1FV\xde\xf0\xbdq\x12\xe8\xf0\x8f\xf5iC\xe1\
|\xder\xd3\x8f\x02S\x06\x816o{+\xee\xfe\xa6\
\xdb\x12\x7f\x95\x19\x81pQ\xa1l\xcc\xfcw\x14\x91\x85\
\xb7`wF\x09\x84\xa0\x00\x10H\x08\xfcSK`\xc9\
\xe5r\x18\x12w\x8b\x11\xfd\xbdV7\xfa\xd4\x06\x0e\x8e\
m\xf8\x85\x1b;\xd5\x87g\xfd\xcd\x13\x01\xf1|\xc0\xbb\
\xf1\x03_\xd7\xf5\xc9\xd4\xb9\x85\x80\x86v\xa6\x15\xac\x85\
\x83Y\x9f\xc2\x0f\xa9\x83Y\x16\x9f\x04a:Z\xf7i\
\xd7^eW\xfaz\xf6\xf5\xf7au\xea@\xd8\x97\xf5\
\x09\xdc(X\x0d*\xe5N\x13\x89/\xc6\xf9\x9aL\xef\
6\x89o@}\xaa'\xa4\xe7'\x99L\xfexe\x0d\
\xfc\x98S\xdeH~c\x11 \xf8\xde,\x85Y\x17+\
\xc0-\xa6\x9a\x89\xc0{\xb7\x97\xfc\x92]\xa2U\xcf\xf7\
\x89\xaa\x13\xde>}\x8b\x13\xd9l\x01\xa8>H\xe7\x03\
\x90\x17\xf0\x0e\xa2\x94\x13\xcd\xf1\x85\x80@\xa4\xaeP\xf8\
Av\xe1F\xf4\x0eV2\x0bO\xd7\xac\xc2\x0dP\xae\
\xf0\x85:\xe5\x8e\xc6\xe7\x9aD\xfc\x82\x1d\xa0\xc9\xf2i\
%\xceo\xd9\xfa\x97f\xee\x85\x0b\xcar\x93\x05\xe0T\
A\x15\x84f\x14\xdf!\x00\xc6B@W\x8f\x1b\xa5\xf0\
\xd1\x85J\xe8\x1b-\x0a\x01\xba\xfe\x15\xe8\xfa\x0f\xfd\xe0\
\xc4-a\x00\xba\xfdS.\xf0\xd8\xdf\x82<\xc06\xf4\
\x02(\x0f\x10\xf4 \xde\x04!\x9c`\x9dO\x0c\xc4\x1c\
\x88\x01\xa1\x16\x10\x7fs\x87\x89o@]\x9a7\xa4\x14\
\xdc0)\xf1w\x96U\x00j\xe0@VY\xab\xe4o\
.\x04Ai\xc5\xf0Cr\x19\x8c?[\xa5w\x8d\xa9\
]=,N{o\xff\xd8z\xc15\x8eg\xfde\xa8\
\x06\xec\x92*\x02!n\x88jN\xacn\x023,~\
\xf3\xcc\x7fQ\xf6\x118\xaf\xac29\xf9\x17\x91_\xd9\
h\xe1;\x0a)Q\xa8\xf0K+\x7fq\xc3\x8d\x0a\xc1\
\x8d\xc7\xfdr\x09\x80\xd4\x14\xa4\x0c\xfd\x05^\xf7qr\
tm\xe8\x15AR\x8co.\xf1E\xf2\xd7\xa4\xfb\xc1\
\xb5\xc2,\x93\xad\x7f\x8c\xa2\x1a\xf6f\x96\x9aD~\x03\
\xf6e\x95\xf8&\x14\x97\xdf\x7f<\xbf\x8c\x13WV\x11\
\xc8\xf7\x17\xbd\x00eH\x0f\x9e\x0b\xe8\xa2\xc4/\x0a\x00\
m\xeeV\xa9u\xd7\x5c\xe2K@\xe1\xc8\xcb\x8d\x84s\
\xc55&[\xffc\xb9\x15f\x91\x7fwFI\xee\xa1\
\x9c\xb2\x17\x0fd\x95\x0a{\xd3\x95\x9c\xb4\xb2\x0a\x80\x22\
H\xf4\x04J\x82\xef\xd7+\x02|\xa9\x04\xc4I\xd35\
\xdc|\xd6\xc0\x93\xe3\x0b\xeatO\xcbHOI?$\
~]\xf2:(\x8a[\x05\x17\xd3\xae\xc0\xd9\x12\x15\xa2\
\xe3\x1e@T\xd1\xede?S\xdc\xff}Y\xa5_W\
\xab\xe1\xae\xe3y\x15\xc2\x05\xde\xf4c\x05\x11(M\x11\
49[\x11[\xfe\xab\xc9\xf1\xcb&\x8b\xc1I\xd4Y\
\xdd\xfc@V\xc3\x17\xe3{\x0fY\x88\xafJ\xd9\x00\xca\
\xa8epm\xe7t\x88_7\x0a\xe2|\xbf\x84\x84\xe8\
\x1f\xe1l\x9eB\x14\x82vB\x81\x04e-\x1cn\xa1\
\xec\xd7!\xeb\x9fYr\xf9Hn\xf9\x93?\xe6\x94\x0b\
G\x10|Y\xa5'`\x8b\xa0\xcd\xde,T^Y$\
\xa0\xb5\xf8L\x9d\xe1\xa5\xa1\x9b\x88{\x03\x9d\xc5\xdac\
l_\xb0\x13\xb4\xd9\xf2X{cT\x9c\xff\x0en\x86\
\xccd\xc4\x8f\xfe~(\xc4\xac\x1a\x061\xdf\x0f\x81\x98\
5#!n\xe7\x12\x88\xbf\x10\x05g\x0b+$!h\
Y\x00N\x17\xde\x820s\xac\x7fF\xb1\xfa@v\xd9\
\xb4\xcd\xc9\xb9BdQ-'\xaa5\x97&k\x8b\xa0\
\xce\xf4\xa1\xeb/\xd5\xe9\x1ea\x14\xeb\x91\x15\xa1\x1b\x8b\
\xdcIN4\xc7t\xf1YlO\x8d;i\xee\xf2\x11\
\x9f\xdc\xfd\xeb\xeb!\xff\xf8\x02\xb8\xe09\x0e\x09?L\
$~s\x90\x10\xac\x1b\x0b\xb1\xbb\xd7B\xfc\xb5\xcbp\
VY}\x87\x10P\xd3\xcf\xc1\xec2\xb3\xac\xff\x9e\xcc\
\xd2\x93\xe1\xf9\x95\xbf9\x92[!\x1c\xcf\xaf\xe2$\xb5\
\xf6\xaa\xbe\xbaRhH\xf7@\x11\xf0\xfe;\xba\x8f\x97\
\x0c7\x83&{\x0b\xe8\xf0f\xe3B\xe0H\xa4\x97\xc7\
\xc5o\x89\xfc\xb7.\xad\x86\x14\xb4\xfaq?\x8c@\x92\
\x0fm\x99\xfc\x8d\x18*\x0a\xc1\xa6)\x10wx\xab>\
>5M\xc7\xc8/\xe5\x07N\xe4W\x99\x5c\xf6#\xa0\
\xc7p\xeb`vy\xff\xb0\xf4b\xe1l%\xef\xf5\xb7\
QE`\x97\xa0/\xf0\x17\xeaS6\xa27\xe0\xed\x84\
7\x83\xa2\xe9\xc6\xf0\x90\x84\x80{\x046/\xdd\xe1{\
\xded\xe9\xad@\xfa\xc6\xcfx\x13\x94\x9f\xfd\x06.\xfb\
Mi\x87\xf4-y\x03C\x99\x18\x9c^?M\x7f\xe6\
P\x80>>3\x0fb1\xf6\xdf\x97e\x9e\xf5\xdf\x9b\
Y\x1ap\xaa\xb0\xfa\xc1\xa3y\x95\xc2\x89\xa2jNN\
[-m\xce\x16A\x87\xa0\xa5\xce\xf0\x9a\x88\x22P\xd9\
\xdcB\xb0\xd0 \xdf\x9f\xdd\x9c\x9c\xa4V\xb0\xf2E\x81\
\xec\xfde;\xf1hC\x8e\x9c\xee}\x1b\xe4/\x8d[\
\x01\x89\xde\x13\x9ab}3pjY?8:\xd7\x09\
\x22\xd6\xcf\xd4\x1f?uD\xbf\xe7f>\x84d\x94\x9a\
Z\xf6+:\x94S\xfe\xc6\xfe\xcc2\xc1\xff\x12\xaf\xfb\
\xdb^\x04\xb2|XRP\xa7\xd8u\xaf:\xdd\xf3\xab\
\x86T\xf7\xda;o\x1awvs\x92e\xd2\x17\xf1\xf0\
\xc0\x22\xc2+\x02\xc5$\x1e\xbe\x97\xd4\xa4#&\xf2l\
@z#\xf2\x97\xc5\xaf\x84D\xaf\xf1\x16\x91\x9fpf\
\xc5@\x14\x80>ptv/8\xba\x00\xc5`\xf3b\
8\x10\x1b\x0dai\x8a\x0e\x09\x01\x85\x0b\xfb\xb3J\xd7\
$W\xe9\xef\x89\xc0\xb8?\xae\x8a\xc7\xfevJ\x0aR\
Bp\xb3\xa0\xc9\xf6{@\x9d\xee\xb5\x04o\xc8\xba\xd6\
o \x0f\xd6O\xae\xcd\xdb\xc6\xc5\xa0\xc3\x84\xdf!\x12\
\x1e\xdf7F\xf84\x1b\x12\xbe\x99GW\x95\xb4\x0a.\
m\x99d1\xf9\x09\x91\xdf\x0c\x82cs\xfb\xc2\xd19\
(\x02sz3!8\xb6t\x08\x1c\xd9\xb5\x16\xf6_\
\xb8(\xe6\x03\xda\xa8\x08\xa0\xf5O9\x92]\xf6\xec\x8f\
\xd9e\xc2\xd1\xdcJND{.u\x86\xb7\xa0F\x11\
\xd0\xe6\xfb?\x887\xe9\x02\x14\x81\xeav\xeb\xc6\xe9\x1e\
\xcc\x8a1\xcf\xa0p\x97\x14&\x04wc\xb2\x07\xb1\xf7\
A\x97\xbf\x1d\xdf\x13\xbf&\x0bo/\xc27\xdf\xd4s\
}=\xdc\x08\xfc\xb8\xf5L\xbf\x89\x88\xfav\x08\x1c\x9b\
g\x10\x00\x09\xb3{3\x1c[9\x06\x0e\xef\xdd\xaa\xdf\
{5U\xf2\x06J\x9a\x97\xfd\xb4\xfb\xb3\xca\xbeX~\
!Y8\x91\xcf\xe3~\xc7\x10\x01\x14\x00\x82&\xd7\xf7\
>\xbcqg\xe0\x8d[j\x8au\xa10\x81%\x0f\xf3\
\xb6\x8b\x82@\xbd\x05]\xcdC\xa0\xbf\x07\xff.f\xd9\
\x0bw6\x91\x9d\xac\xbb\xadbx3A\xa5\xbe\xb85\
#d!?\x13\x80\xefZ\x10\x00c! \xef\xe0\x87\
\x19\xf0\xe3\xb1\xbd\xb0\xfbF\xcema\xc1\x9e\xcc\x92\x98\
\xf0\xdc\x8a\xdf\x1f\xce)\x17\x8eq\xeb\xefH\x9e\x80\x97\
\xa0\xc9\xdc,@\xc1\xe1\xbb5\x19^C\xf0\x86N3\
\xcf\xdd\xf4\x10\x05\x81\xc2\x05\xf4\x10X\x22\xb1(@\xf4\
\x12\x1c^\x14\x82E\x8bND\xc7\xdf\x99b\xf6F\xa2\
\xa3\xc0Q\x86\x9e\x8d\xcer`\xb27\x8f\xfb\xa9\xdc\x97\
\xe43A\x16\xd7\xdf\x80h&\x00N-\x0b@\xa3\x10\
\xf4\x82\xa3\xf3]\xe1\xa8\xe7\x5c8\x18yR\x1f\x96Z\
\x08\xa1\x99\xa55\x07s\xcaF\x04\xa5+\x85x%\xdf\
\xed\xe7x9\x81\x0c\xf4\x02\xb2|\x05U2\x95\x08}\
^iH\xf78n\xf9\x8d\xe8.\x8a\x02\xba\xc4\xe4\x1a\
\x13\x91\x0c\xc2@\x04\x13\xc5!\xb0\xc9kPZa\x1c\
\x98\xe1u\x89\xd8\x92\x15g.;#\xb8?\xcbkP\
6\x9e~7\xe6\xbe\xd3\x098i\x9d\x88\xe8m\xcd\xf2\
;2\x17bV\x0f\x93\x8d\xfcM!@;\x02`$\
\x04\xc7\x16\x0f\x84#\xdb\xbf\x83C\x91\x11\xd1\xe1\x17\x12\
~s\xecl\x9cp2\x9fO\xfaqL\x11\xc8\xf6\x11\
\x90\xa0\xe8\x11l\xc2\xc7\x9b\x1fQgx\xaeE\x22T\
X+9e\x10\x07\xe65\x90@\xa0\xe7\xc0D\x22\xc7\
\x97\x91\x92\xc4\x82\x11\x94a;\xb3\xc8L<\xf2\xb7\xdf\
\x0e\xfc\x19{N\xee6\xf1\xdf\xd0\xbf\xc5\xd7`\xa4\xa6\
\xd7$b\x93\x05'r3+\xde5\x08\xde\x16j\xaf\
\xad\x83K\xbe\x93e\xb5\xfe\xa2\x00\x0cn=\x04h-\
,\x98\xd3\x1b\xc2\x17\xba]\x8cX\xe8\xfc\xf0\xf1\x85.\
\x9ch\x8e-\x02;\x04\xa8\x03\x0c\x09|\x04]\x81\xff\
O\x908nh\x11\xe3\xba2Y\xba\x1a\xd4i\xee5\
\xc5\xd1_+\xe3\xd7\x8e\xd4\xc9I\xfe;\xab\x00&`\
n\x9f\x82\xf0\x85N\x7f\x09\x9f\xdf\x97\x93\xac\xd3\x94\x09\
\xb3\xb7\x08\xf5i\x9b\x04m\xf6\x96\xc7\xd1\x1b\xf8\x1a\xad\
f\x0e'\x98\xa3\xc2]\x8d\x9eM\x06zT~\xda,\
\x9f~\xe7=\xc6\xae\x93\x9b\xfc\xb7\xf5\x01\xcc1\x19U\
h\xfd{\x85\xcfw\xe6\xe4\xea,K\x97\xed'@\xde\
N\xe6\x0d\xc0\xad\x13w\xa1(\xfc\x07o\xb0-(\x04\
e\x9cp\x0eAz\x0d~\x16Y\xea4\xcf\x1d\x18\xde\
\x8cCo\xed)P\x1f\xbc\xd7\xcf\xedo?A\xb2\x86\
XC\x00N-\xefo\x0e\xf9\xa9:\xa0\x09_\xe02\
\x99\x0b@\xa7\xf4\x06\xa8a\xc8W\xd0dx\x09\xfa\xbc\
\xad\xf7i2\xbc\xdf\xc5Xz;\xde|JNB\x9b\
\x93^\xd5\x90\xee\x91\x86B\xec\xaf\xc9\xf4\x9e\x88xZ\
\x97\x1fx\x1f~\x1e\xac\x9asu\xc7\x0c\x01\x89\xfa[\
D\xa25\x04\xe0\xc4\x1273\x05\xa0\x0f\x1c_\xe0\xfc\
e\xf8|'N\xa8\xce\xb8\x00B\x05M\xaa'k!\
V\xa7\xa3\x10\xe4\xa3\x10dy\xbf\x867\xe2F\x14\x82\
L\xbc9\xf5\x9c\x9cV#}\x05\x12<\x11\xdf\xebu\
(\xbeCQ\x90\x9f\xd0\x15\x05P\xdf\x06\x13eM\xf6\
V\xa1\xf4\xd4x\x01\x8aB\x89\xfcB\xec\xf7\xc3\x9e\xc4\
k\xae\xdc\xe4\xa7\x84\x22\x92\xd8<\x01@ \xf9\xe7\x87\
\xcf\xe3\x02\xd0\xb9\x85 o\xad\xd0\x90\xe1'\x0aA\xa6\
\x97\x00%\xbb\xefQg\xfb<\x8b\xd6\xe7\x0b\xbcIc\
P\x0cnq\xc2Z\x5c!\xa9\xc1x>\x1d\xdf\xcf\x10\
u\x86\xe7lt\xed\xdf\xd1doy\x18 \xef.\xb2\
\xf2\xf8\xb5\xa0\xc9\xf1\x13.\xff\xf0\xa6\x00\xca\xc0\xdb>\
\x1f\x12\x00\xc4\xf3\x08\x85\xdc\x02\x10\xf5\x8d\x89\x15\x80f\
86\xcfi\xe11.\x00]\xa9b\xb0E\xd0\xe2\x8d\
\xa8\xce\xf2\x12\xea\xaf\xac\xa7\x91c\xbfVg\xf9\xf4!\
\xaf@\x9d\xe6q\x0do\xe4jN\xe8\x0eY\xf8j\xb5\
\x98\xc0;\x84X\x82n\xbd\x9b&\xcb\xe7qm\xfe\x8e\
\x07\xd4i\x9b\xd0\xb5\xf7d\x8dZ\x9a\x82\xad\x82&\xcf\
\xaf\xcd\xcfD\x12\x80W\x10\xa5r\x0b\xc0\xe9\xe5\x03\xcc\
&\xbf\xe4\x01,\xe0\x02\xd0\x15\x85 \x1f\x85@\xe1\xc7\
*\x07d\x9d\xe0\xd6\x8fw\xa3\x9b\xfa\x08>v\xc6\x1b\
z5\xde\xdc\x89x\x93Wr\xa23\xeb\xde@s\x18\
\xd0\xba_C\xec\xc4\xf7g\xae&\xd3\xc7\x05\xc3\xa9'\
\xb4\xb9\xdb\x7f^\x7fc\x8d Zyr\xed\xfd\x84\x86\
\xa2`A\x9d\xe7\xdf\xe1\xcfB\x12\x80\xb7\x10\xe5r\xbb\
\xff\x11\x8b\x5c\xcd\x17\x00\xca\x01\xccw\x9e\xcds\x00]\
]\x0c\xd0#`\xcdD(\x04t#\x03\x80\xa0\xcd\xda\
\xf20\xde\xe4\xef\xe3\xcd>G\x1aG\x96\xde\x91\x8dG\
\x9d\xdc\xaa\x03\xdbf\x9d\xe6^HdoH\xf7\x0c\xc6\
\xbf\x7f\xb1:\xd3g\x0c\xe2y\x14\xc8\xdf\xe9\x8b\x02\xee\
\xc7\xe7\x18\x11\xdeW\xd0\xe5\x07\x0aZ\x13\x08\xdf\x8a\x00\
\xbc\x86(\x93\xb7\xfe?\xb8\xe3\x1d\x80-\x0b\x80\xee\xf8\
\x02\xe7\x19\xbc\x0a\xd0\xadB\x04_q\x1aq\xa6\x0f\xbb\
\xc9\x91\x0c\x82.o\xfb\x83\xf8\xf81M\x86\xb7\x13Y\
?\xf4\x0e\xfc\x90 I\xf8\xb3\x02qKrg\xeb\xd0\
s\xd7!\xaa\xf0\xf7\xcf\xc7\xbf\xe3\x06\xfeM\xe1\x0d\xe9\
\x1e?\xe0\xdf8\x0b\xff\xee\x81\xe8\xce?Cd\xd7\x16\
\xeez\xa0\x81&1exK{/\xa8\xeb\xd2O\x80\
\x8a\x9d\x02\x14n\x93\xed=\x97\x04\xe0%D\x89\x9c\x02\
pri?\x8b\xdc\x7f\x14\x80\x9a\xe3\x0b]\xfa\x85/\
\xe0\x02\xd0MK\x89(\x04Y\xfeL\x14(\xa6\xa5\x0c\
vC\x9a\x87\xa0W\x04\xfcD\x93\xbd\xe5\xb7\x9at\xef\
\xbf\xa2\xd70\x04\xc91\x1b\xbf\xbf\x0a\x7f\xfe#\xb3\x9c\
i\xee\xb9H\xb4RV\xfeJs\xd7\xdb\xd8\x82\x13\xea\
\xf1k\x0a_\x0a\xd5TsO\xf7\xbcD\xb1:\xfe\x8e\
\xeb\xf0\xba\x10\x7f\xe7\x8f\xd0\xa2\xf7\xc6\xdf\xfb\xcfH\xf4\
\xdfk\xf3\xb6?\x94:\xfdAV)\xa1\x0c=\xcb\xd4\
\xd30V\xf4\x8a\xb4%\xbb\x04M\xa1\xbfU\xdfgV\
\x05X5\xf499\x93\x80\xd4\xff\x8f\xae\xbbE\x02p\
ln\x9f\xa2\x88\x85N\x7f?\xce;\x01\xf9b\xd5\x84\
B_\x01\xaa}\x05m\x0e\x0a\x02\xe5\x0e\x90(j\x89\
0\xa5\x17f\x09\xfa\xbc\xed?'B\xe1\xf7\xfe\x88$\
{\x0dI6\x0c\xaf3\xd9\xdc\x824\xf7\x95\xe89l\
A\x81\xd8\x8f_G\xe2\xf5\x22\x22\x05\x91\x8e\xc4\xcc\x12\
;\x16I8\xdc\xf3\xee\x00\xfd,\xcd#[-f\xd9\
\xd1b{\x5c\xc6\xd78\x8b8\x8enz \x11\x1b\x9f\
\xb7\x94\xfe\x1f\xb4\xd6\x9f!yGc|N\xe1\xcb\xd3\
\xf8\xbb<\x8a\x02\xf6\xb0.\xcf\xff\xe7\x14\xda4H\xb5\
w\xb51\xd11n\xd7\xa0eW\xa7\xa3e\x87\xa56\
\x7f_%\x0f\xe0\x099\xcb\x80'\x97\xf5\xb7\xcc\xfa\xb3\
\x0a@\xdf\xeb'\x16\xb9\xfc>b!\xf7\x00\xf8jc\
\xe9\xb3\xb7\x09\xfa\x1c\x7fV]`\xa1C\xbag\x938\
0\xa2y\x08u\xc9\xdf\x0bP\xb2\xe7^]\xfe\xf6\x9f\
\xa1\x1b\xfd+*\x91\xe1s\xff\xa0\xc9\xf2y\x14E\xe2\
Q\xb4\xbe\x8f!\xc1\x1fC2?n\x0c5!\xdd\xe3\
11\x04\xf1y\x04\x05\xe6\x0f\x9a\x1ct\xcfs|\x7f\
\xa3\xcd\xdb\xfa\x90V\x11\xf0\x00#v\xea&\xe9\xff\x95\
\xfeO\xf2X\xd0[a$\xa7\x01*Hr-\xfe\x8e\
y\xb0V\x80\xcb;\x1c\xea\xfd#\x01\x88^5\xf4\xf7\
xM\x96+\xf6\x0f\x9f\xe7$\x83\x008\x05\x9fY1\
\xf0\x81\x93K\xdc\xf8M\xce\x97\xf9K\x97\xbb\x03\xb1\x13\
\xe3\xe7m\xcc{\xa0R$\xdb\xb7@\xb5q\x96x\xf4\
n\x0c/Z\x02\xeb\x98c\x0d4\xde\xa2\xc0\x18F\xa3\
\xe5\xe0\xeb\xe4\xa1\x9b\x9e\xbbK\x80\xd4\x10\x012\x03;\
\xe5\xfb#\x86\x00\xc3~\x8d\xd7X\x8b\x05\xe0\xfb\xa1p\
b\xb1\x9b\xc5\xe4\x97J\x80\xb3\x8f\xcd\xed+\x1c_\xc6\
w\x03\xf2\xc5\x97\xd5V,\x09\xc0\xeaa?G\x02\x1f\
\x92\xa3\xeeo\xd6\xce\xbf;\x13\x80e\x11\x0b\x9c\xdf<\
>\xdfI\x88X\xea\xca?$\xbe\xf8\xb2\x9e\x00\x0c%\
\xdc\x8f\x04\xde\xe9\x08\xae\xbf\x14\xffG\x9fX\xec\xf2+\
\x1e\xff\xf3\xc5\x97\xb5C\x80\xefQ\x00\xbe\x1b|7\x92\
\xd8\xd3\x92\xac\xff\xf1\x85.\xb2\x90_r\xff\xe7\x1c\xfa\
\xbc\x8fpr9\x17\x00\xbe\xf8\xb2\xea\x8a[;B\x88\
\x5c9\x84r\x01\xdf\x997\xf3\xcf\xc2\x8e\xbf;\xca\x7f\
}s\x22\x16\xba\xfc\x03C\x00\xe1\xc4R\x1e\xff\xf3\xc5\
\x97UW\xca\xc1\x1eB\xf4w\xc3I\x00\x96\x983\xf0\
3b\xb1|\xe4g\xd6\x7f\x9e\xd3\xa6\xd8\xef\x86\xdcs\
r1\xcf\xfe\xf3\xc5\x97\xd5W\x92\xdf@C/\xc0\x22\
S\xdd~9-\xbfd\xfd\xf3\xd1\xfa\xbft\x9c\xac\xff\
\x22\x9e\xfc\xe3\x8b/\xab\xaf\xe8u#\x0c\x02\xb0\xa0\xc3\
\x09\xbf\x95\x83,\xda\xe7\xdfF\xec\xffm\xe4\xea\xd1w\
G,\xee\xcf?\x18\xbe\xf8\xb2\xc5\x8aY\x8f\xee\xff\xf7\
L\x00\x96vd\x87\x1f\x95\xfa\xe4\xca\xf67k\xfcI\
<\xbe\xd0\xed\xc9\xf0\x85\xae\xc2\xf1E\xdc\xfd\xe7\x8b/\
\xdb\x08\xc0\xea\x11B\xe8\x9e\x04\x12\x80u\xed\x95\xf9X\
\xbc?\xb7\x8f\xfc\xe4\x9f\xdb\xb7\x12=\x8a\xc1G\xbe\xec\
%\x9c^9\x90\x7f(|\xf1e3\x01XE\x1e\xc0\
\xf0\x07\x90\xe4\x81\xad\xc5\xfa\xb4\xb3\xcf\x1aV_\x82.\
|\xbe\xf3w\xe8Y\xfc\xe4\xc4b7\xe1\xc4\xd2~\xfc\
C\xe1\x8b/[\xad\xd8\xa6V\xe0x\xe3\x96^\xb2\xf8\
\x8c\xf8\xf3\xadF|C\xd6?\xec\xd4\x22\xb7_\x9fX\
\xe8\x22D\xf0C@\xf8\xe2\xcbv+|\xa9\x9b\x80q\
=\xb9\xff/\xe0UA\xa7\xf8P\x8cO\xd9}Kf\
\xf9\x99\xe0\xfa\x9f:\xbe\xd0\xe5\xcf\xe1s\x9c\x84C\xd3\
{\xf1\x0f\x84/\xbel\xb9\x8e\xadp\x13N\xcew\x15\
\x22\x16\xbb}\x8aD\xd4\xd9\x82\xf4F\xed\xbeg\x22\x16\
\xb9<wtn_\xe1\x9c\xe70!j\x1d\x8f\xfd\xf9\
\xe2\xcbf\x8bF\x0f\xd0\xb9{\x11\x8b]\x7f\x8dd\x8c\
\xb2\x15\xf1\xa5\x8c\xff\xb1\xe3\x8b\x5c\xff\x16>\xb7\xb7p\
z\xe5\x10\xe1\xd4R\x9e\xf5\xe7\x8b/\x9b\xae\xb0e\x93\
\x85c\xf3\x9d\x85\xf0\x05\xce\xfd\x8e\xcd\xedSc\x13\xf2\
\xcf\xed\xa3\x0e\x9f\xef\xe4\x1f\xb1\xd0\xf5\xf1\xa3s\xfa\x0a\
\x91\xdf\x8f\x10\x22\x96r\xcb\xcf\x17_6_'\x97\xf6\
\x17\xdc\xdf{L@k\xbc\xda&V\x7fn\xdf\xa2\xe3\
\xf3\x9d\xbe:\xb9\xd4\xf5\xa1\xe3\x0b\x9d\x04\x80T\xe1\xf4\
\x8a\x01\xfc\x83\xe0\x8b/{\xac\x13(\x00\xa7\xbf\x1dz\
?\x0a\xc0.+\x93_\xc3\x5c\xfe\x85.\xef\xdd\xd8\xb3\
\xfc.\x0c90\xf4@\xd7\x7f\xe98\xfe!\xf0\xc5\x97\
\xbd\x16\xc5\xdd_>\xf5+\xf4\x00\xfa\xae\xb1\x12\xf1\xf5\
\xf8\xda\x97\x8e\xcfw\x9e\x11\xb1\xd8\x8d\xf2\x0c\xc2\xc9%\
\xfd\x85\x08\xde\xe3\xcf\x17_\xf6_{\x97\x8e\x17\xc2\xe7\
\xbb\x08\xc7\x17\xb8\x0c<:\xb7o\xad|q~_\x15\
\x92\xfd|\xf8\x02\xa7/O,q\xfd\xd3\xbe/z\xb0\
\xfa\xfe\xd9\x8d\x1fc\xd8\xc1\xe3}\xbe\xf8r\x88EU\
\x80\x88E.\x18\x0a\xb8\xfd,|\xbe\x93\x9f\x85\xc9\xbd\
z\x8c\xf13\xd1\xd5\xf7\x0f_\xe0<\x0c\xdd\xfc\xdf\xfd\
\xf8\x99\x13{\xfd\xa8e\xfd\x84S|\xb0'_|9\
\xde\x0a_\xd0\x0f\xe3qWr\xcb\x1fF\x11\xf8\x01I\
\x5c\x80d\xd6\xb4\xda\xef?\x97\xa1\x01\x1f\x97\x12\xe1\xc3\
\xe79\x9dB\xac\xc2\xf8~$\xe2\xa9\xa8\x15\x03\xee\xa3\
\xa3\xbc\xa8\xbcxr9\xcd\xf3\xe3\x9d}|\xf1\xe5\xb0\
\xeb\xf4\xd2w1\x0cpe\x84=\xf5\xcd\xe0{\xf1\xfa\
\x02bb\xf8|\xe7\xaf\xc2\xe7\xf5]\x88X|ln\
\x9f%\xe8\xd2/\xa6\x83:\x8f/t\xfe\x1c\x7f>&\
b\x81\xf3+\x18\xdb?vji\xff_\xae{\xf3U\
*%2\x9c\x5c\xec*\xa4nzV82o\x08\x7f\
s\xf9\xe2\xab\xb3\xac\xe3H\xdc\x08t\xd3\x19\x91\xa97\
\x00\xad8%\xedh,7\x0a\x80x\x9d\xe7\xc4~~\
|\x81\xf8sz\x1em\xde9\xfd5\x8a\xc72\x9e\xd8\
\xe3\x8b/\xbe\xf8\xe2\x8b/\xbe\xf8\xe2\x8b/\xbe\xf8\xe2\
\x8b/\xbe\xf8\xe2\x8b/\xbe\xf8\xe2\x8b/\xbe\xf8\xb2\xcf\
\xfa\x7f\xa0\xf4<\xcf<\x13\x82U\x00\x00\x00\x00IE\
ND\xaeB`\x82\
\x00\x00\x00\xfc\
\x89\
PNG\x0d\x0a\x1a\x0a\x00\x00\x00\x0dIHDR\x00\
\x00\x00\x18\x00\x00\x00\x18\x08\x06\x00\x00\x00\xe0w=\xf8\
\x00\x00\x00\x09pHYs\x00\x00\x0e\xc4\x00\x00\x0e\xc4\
\x01\x95+\x0e\x1b\x00\x00\x00\xaeIDATH\x89\xed\
\x94A\x0e\x830\x10\x03\xdd\xaa/\xe2Q\xee\x0b\xb8\xf7\
\xce\x0b\xc8\xa3z\xecw\xb6\x87*\xd2\x12\x92f\x1d\x15\
\xa9\x07,q\x00\x22\xcf\xdaZ\x00N\xfdZ$M9\
\x7f=\xd2\x5c\x06\x00\xc04\xaf\x12(\x0c i\xd3\xbc\
\xaa\xf3\xe8\x09T]Z/\xca\x1a\xca\xe9\x9f\xcb}s\
\x9fR\xaazm\x1ezS\xb5\x0e\x0f\xf4\xb0\x1du\xb4\
\xeb\x0c)\x93Tc\xe5$\x0a\xa8f\xde\x04xP\x04\
\xd22\xef\x02z\x90\xdc{\xcb\x1c\xe8\xaci/A$\
\xdd\xe1\xdf\xc1M9\xecW1\xba\x00!@\xadk\x02\
\xc3\xeb\xfc1 \xed\xf12\xfb\xf6c#i\xf9\x1a\x86\
\x0cOx\xeao\xf4\x06\xbe\x0eS\xbe\xed\xc3\x9d\x0a\x00\
\x00\x00\x00IEND\xaeB`\x82\
\x00\x00\x00\x9c\
\x89\
PNG\x0d\x0a\x1a\x0a\x00\x00\x00\x0dIHDR\x00\
\x00\x00\x18\x00\x00\x00\x18\x08\x06\x00\x00\x00\xe0w=\xf8\
\x00\x00\x00\x09pHYs\x00\x00\x0e\xc4\x00\x00\x0e\xc4\
\x01\x95+\x0e\x1b\x00\x00\x00NIDATH\x89c\
`\x18\x05\x03\x0d\x18\x09\xc8\xff'Q=\xc5\xe0?\x16\
Kif\xd1\xe0\xb0\x84\x89\xd6\xae\x18\xfa\x16\x90\x9a\xec\
\x90\xc3\x9d\xaaI\x96\xa6\xc9\x93\xa6I\x92b\xc3\x87~\
*\x22\x06P\x14L\xc4&5\xb2KUr\xd32\xdd\
\x8b\xf1Q@>\x00\x00\xe3N\x0d\x06\x89N\x83\xcb\x00\
\x00\x00\x00IEND\xaeB`\x82\
\x00\x00\x02\xcb\
\x89\
PNG\x0d\x0a\x1a\x0a\x00\x00\x00\x0dIHDR\x00\
\x00\x00\x10\x00\x00\x00\x10\x08\x06\x00\x00\x00\x1f\xf3\xffa\
\x00\x00\x00\x19tEXtSoftware\
\x00Adobe ImageRead\
yq\xc9e<\x00\x00\x02mIDATx\xda\x8c\
RKk\x13a\x14=\xdf\xcc\xe4\xd9LB\x0d\xc3\xa4\
IM\x9a \xb1\x14\xc1e\xdbm\x5c\xb6\xda.\x5c\x8a\
;\xd1\xa5;\xc1E ]\x14\x04\x17]\x08V\x14\x17\
\x95\xba\xd1mA)\xe8_\xc8\xc2BK\x83\xb4U\x84\
\xd84\xefL\x1e\xe3\xccx\xef\xd0G*Z\xbcp\xf8\
n\xeew\xcf\x99ss?q;\x9f\xc7I\x08!n\
\xd21\x86\xbf\xc7'\xdb\xb6K\x84sE\xc5q\x9c\xd3\
\x1f\x94\xc7_\xe5\xf3\xabF\xbf\x0f\x8b\xea'w\xc5b\
\x11k\x9b\x9b\x0f\xf8\x1b\x84\xdda\x01\xc9\xb6,\x0cA\
\x08\xfa\x825\x18\xa0\xdb\xe9\xa0\xddn\xa3\xd5j\xb9\xe7\
\xfb\xa5\xa5U\xba\xbf\xd13\x8c\x89\xfa\xd1\x11\x18\xa2R\
\x81$\xed\xec\xb8\x89E\x02\x04!\x0b\x01\xbf\xa2 \xe0\
\xf5B\x91$\x1e\x0b\xd5j\x15\xcf\xd6\xd7\x91\x9b\x9az\
^\xda\xde\xbe\xf3}\x7f\x1f\xe2X@qmP\x83\xa7\
\xdbE_\xd7%\xf6(\xcb2\xfc\xc7\x16\xbb\xe4&\x97\
\xcb\xb9\xe3\xa8\xaa\x8a\x8f\xc5b\xcdW.CP?\x0f\
\xc8\x02\x12a\x8e\x0a\xf1\x0f++\x99\x82\x10\xb8(\xb8\
gqq\xf1>\xa5?\x08\x1b\xf2\xe4\xe4d\x94\xb0P\
(\x14\x9e6\x9b\xcdYM\xd3\x5c\xdb\x0a\x8d1\x0c\xd7\
\x95\xdf\x8fl6;\xbb\xbc\xbc<_*\x95v*\x95\
\xca\x17\xc54M-\x16\x8b\xa5\x89\x8cz\xbd\x8ep8\
\xec\x9e}\xdaD\xb3\xd9\x02\xd7{\xbd\x1e\xa8\x0f\xd1h\
\x14\x91H\x18[[\xbb\x08\x85\xd44sY@O$\
\x12\xa9Z\xad\x06R$\x81\x08\xf6\xf6\xbe\xc10\xba8\
[\xb1\x0c\x8fG&\x11\xdb\xed\xe9\xf5~add4\
\xc5\x5ci0\x18\xc4H \xd9\xa1\xb5\x1d\xf1z\xea\x1d\
\xd8\xb6BvU\x04\x02\xe1s\x90$\xaf\xdb\xb3q\xeb\
\x1d\xc6\xc6RI\xe6*dU#\xcb\x19\xbe`\x17L\
\x0e\x04\xd4\x7f\xfe\x89\xdc3\xfdz\x1a\xbeK\x83\x0cs\
Y\xc0\x1f\x0c\x86\xc8\x16\xadbn\x01\xa9\xd4U\x12\xe1\
W8\xbc\x8d\xb3||\x5cG2y\xdd\xcd\x99\xab\x18\
\x86\xe11M\x81`P\xa5\x07\xf3\xd3\xc5\xff\x06sE\
$\x12yH+\xd2\xb8\xd0h4\xe4\x83\x83\x83Gw\
\xd7\xc8\xcd5\xc0'v\xf1\xf6\xf3\x0b\xd4\xcbi\x8c\xaa\
\x97\xf1\xe6\xf1<\xaeLL<!\x8e\xc5\xfd\xf4r\x0f\
\xf9\xe4\x81\xe3\x0c}ff\xc9\xf9#,\x9a\x87aZ\
\x96c\xd2\xc9='\xfd\xcc=\x1d\xce\xa7\xeb\xf0h\xda\
=\xc7\xb63\x17\xd9\x16\x92\xf4\xd5<<|\xd9\xa7\xe7\
\xcc\xf1[\x80\x01\x00IU\x5c\xb5Gl\x1a\x9a\x00\x00\
\x00\x00IEND\xaeB`\x82\
\x00\x00\x00\x97\
\x89\
PNG\x0d\x0a\x1a\x0a\x00\x00\x00\x0dIHDR\x00\
\x00\x00\x18\x00\x00\x00\x18\x08\x06\x00\x00\x00\xe0w=\xf8\
\x00\x00\x00\x09pHYs\x00\x00\x0e\xc4\x00\x00\x0e\xc4\
\x01\x95+\x0e\x1b\x00\x00\x00IIDATH\x89c\
`\x18\x05\xc3\x1e0\xe2\x91\xfbO\x0duLDh\xc2\
\x07\x08\xaa\xc3e\x01\xdd\xc0\x7f\x06\xe2|\x83S\x1d\xcd\
}@\x8e\x05\xc4\xfa\x8al\x0bH\x02,d\xe8\xc1\x97\
d1\xc0\xa0\x8c\x03\x9a[0\xc2\x22y\x14\x8c\x02\xca\
\x01\x00\xa9\x93\x0c\x14\x04&9\x07\x00\x00\x00\x00IE\
ND\xaeB`\x82\
\x00\x00\x02\x86\
\x89\
PNG\x0d\x0a\x1a\x0a\x00\x00\x00\x0dIHDR\x00\
\x00\x00\x18\x00\x00\x00\x18\x08\x06\x00\x00\x00\xe0w=\xf8\
\x00\x00\x02;IDATx\x01\xb4\x959kUA\
\x18\x86o\x14\x04Em\xdc\xb7FET\x14\xb4\x12\x1b\
\xb1\xb0U\x10E\x0c.\xb8\x80\x85\x95[a\xa1(Z\
X\x88Z\x8a\x85\x8a[a\xa1\x85\xb6\x16\xfa\x0f\x04\xb7\
B\xad\x14\xcd\x06IH\xc8\xbe=\xcf\xb9\xf9\x0e\x93\x9b\
\xdc{s\x02\x09\xef3\xdf;sf\xe6\xbb\x993g\
fNi\x96\xff\xea%\xd8J\xfe\x97\xf0\x0fz\xa0\x0b\
\xbe\xc3UX\x08uU-\xc1)F\x0e\xc378\x06\
\xab`>8\xe9\x16\xe2\x1d0\xd9_\xe2\x0a\xa8\xaa\xca\
\x04\xd6\x1d\xf4\x94\x11zBM\xad\xe1i\x13\xdc\x86)\
\x95N2\x97\x1e\xbd\xe0 B\xaeO\xb8\x03\xb0\x11\xb6\
\xc1%h\x81T\xd7\xa8\xbc\x86IJ\x134\xf3t\x1e\
\x84\xde`|\xbe\x97\xf8\x1e~\x83K\xf6\x80\xe8\xb2\xb8\
l\xdd\xf8\xd0\x11\xccE\x98 '\xb0\xe1&\xc5\x12\x08\
\xf9\x0e\x0eS\x19\x85jri\x16\xf1\xf0'\x84\xeec\
\x16@.\x134P\xbb\x01\xa1\x87\x98g0]m\xa2\
\xe3\x00\x84>\x841\x9a\xe0\xa8f\x9c\x11\xe2y(\xaa\
]\xc9\x80\xddx\x7f4\xa1T2\xc1\xad\xcc\x95\x0b\xff\
\xc5\xb2+V~\xa6\xfb\x10\x84\xf2\x84&X\x1f\xad\xc4\
{0S}L\x066\x867\x81D\xbd5\xcc\x0cb\
\x9a`{\x8cO'\x8f\xb6\xa2\xf1\x04\x03\xce\xc0N\x08\
\xb9\x85mk4\x81/6\x1e,\x0fS ^\xa6\xef\
c8\x04\xa1\xcd\x18\xdb\xce\x9a\xc0\x0f\x88z\xa6+Y\
Y\xac\xd8A\xf7v\xa8T'\x0d\xfbLp\x1d\x13\xba\
\x10\xa6`\x5cF\x7f\x0fGB\xael5L\x90\x9e!\
\xd6\x1f\xe5]\xa6o\x9c|i\xd2\xdd\x97\x9c}|N\
h{\xfa%\x9f\xa3\xe14\x14U\x07\x03<\xcb\x16\x13\
\xbfB\xa6H\xe0\xc7\xd6\x96\xb5\x94\x8b'\x84\xb7\xd0\x00\
E4Hg\xef\x09BY\x91\xc0\xdaJ\x8a~\x08\x1d\
\xc4\xb8\xc3<\xae\xf7\xe37\x80\xc7\xb5\x1b\xe1\x0f\xfe9\
\xd4U\x9a\xc0u\xf4$\xf4\xc2I\x07\xee\xa1\xf2\x0e~\
\xc1\x17\xb8\x0bk\xc1\xfd\x9f\x9e\x024MV\x9a\xc0\xa7\
\xfe\xe2u\x98\x93\xa0'\xd4\x94wu\xcd\x0e\x95\x09\xa2\
\xf3\x0b\x8c7\x9c\x97\xfe+\xfc\x7f\xf0\xb6s}}\x81\
~\x5c\xde\xd1}\xb4\xd7T\xb5\x041\xe8\x07\xe68\xac\
\x06\x97\xcf\x1d\xe2\x16\xf4\xd4\xad;9cJc\x00\x00\
\x00\xff\xff)\xafC\xca\x00\x00\x00\x06IDAT\x03\
\x00\x17\xb1Y1\x85\x97vH\x00\x00\x00\x00IEN\
D\xaeB`\x82\
\x00\x00\x00\x93\
\x89\
PNG\x0d\x0a\x1a\x0a\x00\x00\x00\x0dIHDR\x00\
\x00\x00\x0f\x00\x00\x00\x0f\x08\x02\x00\x00\x00\xb4\xb4\x02\x1d\
\x00\x00\x00\x09pHYs\x00\x00\x0e\xc3\x00\x00\x0e\xc3\
\x01\xc7o\xa8d\x00\x00\x00EIDATx\xdac\
\xf8O\x0a`@\xe100\x10\xab\x9a\x01\x0c\x88R\xcd\
\x00\x03\x84U3\xe0\x00\xa4\x99\x8d\xa9\x81\x80\xbb\xd1\xf5\
\x130\x0c\x8fj,\x0e\xa5\xbej\x5cA\xc4\x80\xc7T\
\xcc\xd0d\xc0\xef\x0c\xb4\x80\xa2\xaa/\xd1\x00\x00/B\
%\xf7\x17\xcd d\x00\x00\x00\x00IEND\xaeB\
`\x82\
\x00\x00\x00\x87\
\x89\
PNG\x0d\x0a\x1a\x0a\x00\x00\x00\x0dIHDR\x00\
\x00\x00\x0a\x00\x00\x00\x0a\x08\x06\x00\x00\x00\x8d2\xcf\xbd\
\x00\x00\x00\x09pHYs\x00\x00\x0e\xc4\x00\x00\x0e\xc4\
\x01\x95+\x0e\x1b\x00\x00\x009IDAT\x18\x95\x95\
\x8f1\x0e\x00 \x10\xc2\xaa\xf1\xff_\xae\x83\x8b&\x9a\
CVH\x01\x08\xd5\x00\x0b\x1f\x80\x9e\x12\xe3`U\x9d\
\x11U\xd4\xbf\xea\xc1\xf6lA\xeeK\xbe\xce\x1c\xb3^\
\xc1\x094~\x0d\x07Yvv\xed\x00\x00\x00\x00IE\
ND\xaeB`\x82\
\x00\x00\x00\xab\
\x89\
PNG\x0d\x0a\x1a\x0a\x00\x00\x00\x0dIHDR\x00\
\x00\x00\x18\x00\x00\x00\x18\x08\x06\x00\x00\x00\xe0w=\xf8\
\x00\x00\x00\x09pHYs\x00\x00\x0e\xc4\x00\x00\x0e\xc4\
\x01\x95+\x0e\x1b\x00\x00\x00]IDATH\x89c\
`\x18\x05$\x82\xffPL3\xc3\xb1\xb1)\x02,D\
Z\xc8H\xae\x05\xe8\x1a\xff\x13\x10G\xd7\x87K=\xc5\
\x00=\xaep\x06)\x13\x99\x16P\xdd\xc5\xb8\x00MS\
\x1d\xb2%8\x01\xb9ADw@\xf5H&\x1a\x0c}\
\x0b\xa8\x09\xb0\xc6\xc3\x90\x0b\x22\xfa\x17\xf5C.\x92i\
^.\xd1\x1f\x00\x00K\x1d\x15\x06U\xe2\x9b\xfc\x00\x00\
\x00\x00IEND\xaeB`\x82\
\x00\x00\x02\xd1\
\x89\
PNG\x0d\x0a\x1a\x0a\x00\x00\x00\x0dIHDR\x00\
\x00\x00\x10\x00\x00\x00\x10\x08\x06\x00\x00\x00\x1f\xf3\xffa\
\x00\x00\x00\x19tEXtSoftware\
\x00Adobe ImageRead\
yq\xc9e<\x00\x00\x02sIDATx\xdat\
\x93Kk\x13Q\x14\xc7\xcfL&\x93I\xa2\x86\x18\x5c\
\x18\x036\xd0\x8au\x13\xf0\x95\xba\xa8\x08\xa5-h\xd5\
M\x03E(\xedF\xcc\xc6\x85O\x10\x04S\x5cH\xbe\
Ag\xe7\xc2~\x83\x10\x09D\x92\xb4\x8b\xb6\xd4\xc6F\
%\x0b\x11\x09I\xf3 \xa1\x99\xbc\xc8\xfb\xe19\xd3$\
\xd4$\x0e\xfc\xb8\xcc\xbd\xe7\x7f\xee\xff\x9e{.c\xb3\
\xd9`\xc4gi\xb5Z\xb7$I\x12R\xa9\xd4v\xb5\
Z\xdd\x1d\x0c\x98y\xbc\x07\xb5Z\x0d\xb8Q\xeaN\xa7\
3\x85\x09\xd6)\xa0X,:\x0a\x85\xc2.\xce\x01\xc3\
0\xa0R\xa9\xe0\xf6\xd2\xa7~,\xd7l6\x87\x12\xa0\
XQ\xaf\xd7-\xa5R\xc9\x8a\x09x\xc4\x82\x09B,\
\xcb\x02a\xb8p\x03\xda\xed\xb6\x1c\xcb\xd2.\x83\x94\xcb\
\xe5F\x22\x91\xb0\xfa\xfd~\xd1n\xb7\xbf!G\x18{\
u\x94[\x96l\x9d\x043[\xd2\xe94\xe3\xf3\xf9D\
\x1c\xe5\xa0L\xe6h\x1d\x87\xbb\xc8\xf4P\x82\x01\xeb\x16\
\xda\xd9\xeb\xf5\x8a\x99L\x06\xf2\xf9\xbc<\x7fp\x10D\
\xfe\xbc\xe7y\xfe>\x1eazd\x82\x9e\xd8\xe3\xf1\x88\
\xd9lV\x16\xc7b1y-\x91HC0\xb8\x0f;\
;\xbf^\xa9\xd5\xea\xb9Z%+\xe1\xb1\x9c\xfd\x04=\
\xb1\xdb\xed\x16IH`\x01!\x1e\x8f\x03]s$r\
\x88Gc!\x1c\x0eC \xf0\xe3\xed\xe1\xf7\x8f\xdeJ\
\xa5\xf2\xba\xd1h<b{b\x97\xcb%\x92\xa8'\xa6\
*\x0b\x82\x16\x9cN'h4:D\x0bz\xbd\x1ex\
^\x09\xcd\xec\xd66^-\xc5\xbd\xe3zb\xac\xfc?\
\xe2R\xa9\x06J\xa5\x0e\xe6\xe7\x97\xfa\xe2\xc9\xc9\xcb\xb0\
\xbc\xbc\xf0B\xa3\xd1\xf8s\xb9\x1c\x99\xbf\xc4E\xa3Q\
:\xc2\x90X\x92*\xb2\xed\x9exbb\x1cVV\x1e\
\xc8\xe2\x82\xe2f0'I\xc7E\xa4.3\x9b\xcdO\
\xa8A\xfe'\x1e\x1b\xbb\x08\xab\xab\x0f\x9f\x09\x82\xe0\xc7\
\xab\x0eF\xf2\xe3@\x0e\x08*\x22u\xd8\x9e\xd5j}\
\xd9n\xf3Cb\x93\xc9\x04\x8b\x8b3O\xf1=\x04\xb0\
\xf2\xc1o\x11\x03\x9c(\xf4\x1aC6\xa8\x810\xc9\x94\
B\xa1\xb8\xb3\xb1\xf1\xf9\x03VW\x16\x1b\x8d\xe7av\
\xf6\xfas\xdcy\x0b\xe7\xbe&\x93\xc9c\xdb\x869\xc2\
\xc1\xe4\xbe8\xe8_@N!g9\x8e\xbb\x87\xcd\xb2\
\xb6\xb9\xf9\xb3\x13\x0aE;x\xe7\x0e\x14/\xe0\x9a\x11\
9\x87h\x11\x15r\x1a1 g\xc8\x81\x0eQw\x17\
5\xe8\xe2\x0a:\xba\xd6}\x95\xfbX\xe0\xdf\xdd^+\
#GH\xb5\x1bK\x9b\x96\xff\x0a0\x004f\x85%\
\x89\xcck\x87\x00\x00\x00\x00IEND\xaeB`\x82\
\
\x00\x00\x05\xf9\
\x89\
PNG\x0d\x0a\x1a\x0a\x00\x00\x00\x0dIHDR\x00\
\x00\x00\x10\x00\x00\x00\x10\x08\x06\x00\x00\x00\x1f\xf3\xffa\
\x00\x00\x00\x19tEXtSoftware\
\x00Adobe ImageRead\
yq\xc9e<\x00\x00\x03iiTXtXML\
:com.adobe.xmp\x00\x00\
\x00\x00\x00<?xpacket beg\
in=\x22\xef\xbb\xbf\x22 id=\x22W5M\
0MpCehiHzreSzNTc\
zkc9d\x22?> <x:xmpm\
eta xmlns:x=\x22ado\
be:ns:meta/\x22 x:x\
mptk=\x22Adobe XMP \
Core 5.0-c060 61\
.134777, 2010/02\
/12-17:32:00    \
    \x22> <rdf:RDF \
xmlns:rdf=\x22http:\
//www.w3.org/199\
9/02/22-rdf-synt\
ax-ns#\x22> <rdf:De\
scription rdf:ab\
out=\x22\x22 xmlns:xmp\
Rights=\x22http://n\
s.adobe.com/xap/\
1.0/rights/\x22 xml\
ns:xmpMM=\x22http:/\
/ns.adobe.com/xa\
p/1.0/mm/\x22 xmlns\
:stRef=\x22http://n\
s.adobe.com/xap/\
1.0/sType/Resour\
ceRef#\x22 xmlns:xm\
p=\x22http://ns.ado\
be.com/xap/1.0/\x22\
 xmpRights:Marke\
d=\x22False\x22 xmpMM:\
DocumentID=\x22xmp.\
did:704EB4640387\
11E1ADE2CBC300AB\
5626\x22 xmpMM:Inst\
anceID=\x22xmp.iid:\
704EB463038711E1\
ADE2CBC300AB5626\
\x22 xmp:CreatorToo\
l=\x22Adobe Photosh\
op CS3 Windows\x22>\
 <xmpMM:DerivedF\
rom stRef:instan\
ceID=\x22uuid:AC1F2\
E83324ADF11AAB8C\
5390D85B5B3\x22 stR\
ef:documentID=\x22u\
uid:C9D349664A3C\
DD11B08ABBBCFF17\
2156\x22/> </rdf:De\
scription> </rdf\
:RDF> </x:xmpmet\
a> <?xpacket end\
=\x22r\x22?>1>\xc5\x89\x00\x00\x02&ID\
ATx\xda\x8c\x93QHSQ\x18\xc7\xffg;w\
\xbe6\xb6\xa7(\x8c6\x12\xb3=I\x04\x17\xc4\x22\x8c\
E\xd1C\x09a\x1a4\x8b\x88z\xdb\x1eB\x22\x0a\x1b\
\xf8\xd0C\x81\xf4\x92D1t\xb4Zb(\xa3\xb5\xd5\
\xb0\x968\xca\x8d\x09ME\x03\xc7\x12\x15\x94\x8d\xc6\xbd\
y\xbd\xdb=\xdd\xad\x157k\xae\x03\x1f\xe7||\xff\
\xdf9\xdfw\xbes\x08j\x0c[\x03A\xc7) \xb1\
\xd8^\xf6\xef\xf9\xfdM\x05\xc0\xf9\x0d\xf0|\x05\xc6i\
-\xf0\xc0\xbe\x9f~b\xb1<\xd5\xcf\x9a\xcd\xce\xa3.\
W\xf7DO\xcf.\x05\xa0\xb4\x16\xa8\x19VY\x96\xdb\
\xf8t\xba[r:a\xeb\xec<\x16\x18\x1c\xdc \xff\
\x01\x02\x0c\x873\xab\xe6\x8b\x0eW\xba+\x95J\xc1h\
4\xc2\xdb\xd8\x18\xd8\xbd\xb9y\x93\xee\xaf\x07\xce\xb4\x02\
\x07[\xaa\xd4\xa2\xc2\xb2\x8c\xebW\xaf\xb9\xec\xe1\xb1\x16\
\xecm~\x06\x9e\xe7\xdd;\xf5z\xaf\x95\xe3f\xe8\x8d\
\xf3\x00!\xdb\xc3\xa7;\xfa\xec\xc5\xa2\x0c\x8b\xc5\x82\xe1\
GM/\x05\x81\xfa\xe7\x08\x99\x99\xe38T\xbdD-\
,I\x22VV\x16\x10\x9f|1n\xdd\x83~E\xd1\
%\x7f\xc9h-X\x10r\xc8f\x97\x10}\xfb\xf4\xbd\
z\xa0[O\xc9\x1b\xad\x94n\x07\xe7r\xab\x10\x84,\
^\x8d\x0eE\x0d\x1c\xee\xa8=\x0bo\x95\xd3j\xf0\xda\
Z\x1a\x92\xf4\x1d\xc3>\xcf\x84\xc1\x80^F\x11\xd2J\
\xd5\x96\x96\x8d\xfe\x0b^^\x9e\x87\xa2\x140\xf4\xc43\
\xa9\xc2\xb7\x19#\xbfa\xdf\x18\x83(\x8a\x7ff\xc0\x18\
\x1a\xc4<.\x9fu\xf4\xd93\x99\xcf\xaa\xaf\xe0\xf1\x80\
7\xa6\xa6}K\x8d\x95\xe1\x910\xc3H\x88\xfdU1\
\x15%\x18\x0aE\xb4\x9d\xbb\x129>5\xe5\x86\xc9d\
\xc6\xc3\x07\xbe\x8f\xb4\x04S\xbc\x0eF\x81`T\xa9\xda\
,\x9a\x17I\xb3\x8dw\xb4\x13\x9dn\x87\xd1\xd4%\xde\
\xbf\xeb\x88\xd7\xd51\xf7\x87$\x09\xbe\xfb\xc4j\xfd5\
\xd0\xf5<N\x1e:r\xa1u\xf4y\xfft$\xe4\x8f\
}YB \x92@\x5c-\xcc\xa4\xc6\x15\x8d\x15\xb7\xf8\
\xa5\xdd\x95\xd2\x1bd\x97N\x90\x81\xd9\x0cb\xc9\x05L\
\xe7E\xb6Q\x11\x17J\x97]\x99\xb5k\xb9\x12/\xdb\
\x0f\x01\x06\x00\xd9\x0e\x08{nRn\x06\x00\x00\x00\x00\
IEND\xaeB`\x82\
\x00\x00\x00\xce\
\x89\
PNG\x0d\x0a\x1a\x0a\x00\x00\x00\x0dIHDR\x00\
\x00\x00\x10\x00\x00\x00\x10\x08\x06\x00\x00\x00\x1f\xf3\xffa\
\x00\x00\x00\x19tEXtSoftware\
\x00Adobe ImageRead\
yq\xc9e<\x00\x00\x00pIDATx\xdab\
\xfc\xff\xff?\x03%\x80\x89\x81B@\xb1\x01\x8c@\x00\
\xa2\x1b\x81X\x9b\x04}W\x81\xb8\xfe\xdf\xbf\x7fp\x03\
\xc8\x02 \x03(\xf6\x02\x0b\x94\xdeJ\x86^od\x03\
X)\x0d\xc4\x81\x0f\x83\x13d\xe8\xb5@6\x80\x93l\
\x17\x00\xf3\x82\x1c\x90~\x02\xc4\xfa$\xe8\xbb\x08\xc4 \
}\x8f@!\xc8\x0fu\x01)\xe1\xf1\x0f\x88\xbf\x03-\
\xff\xc88\xe0\xb9\x11 \xc0\x00\xd1\xe1\x1f \x10\xae\x80\
?\x00\x00\x00\x00IEND\xaeB`\x82\
\x00\x00\x02B\
\x89\
PNG\x0d\x0a\x1a\x0a\x00\x00\x00\x0dIHDR\x00\
\x00\x00\x10\x00\x00\x00\x10\x08\x06\x00\x00\x00\x1f\xf3\xffa\
\x00\x00\x00\x19tEXtSoftware\
\x00Adobe ImageRead\
yq\xc9e<\x00\x00\x01\xe4IDATx\xdab\
\xfc\xff\xff?\x03%\x80\x85\x91\x91\x11\xce\xb1\x02\xb2\x8b\
\x80\xb4%\x92\x82\xbfP\x0c\x02@\xab\xec~20\x14\
\x7fe``\xfd\xcc\xc0\xd0\xf3\xfb\xff\xff},\xb84\
\xa2\x03\x98f\xd5\xfe~\xbfOO\x9f2\x1c\xe9\xee\xe6\
\xfe\xcd\xc0\xb0\x8fe\x0dP\xb3%\x01g\x22k~\xba\
\x7f?\xc3\x1fvv\x86\x0f\x0c\x0cl\x7f@^\xc0\xa3\
\xd9\x06\x88\xf3\x81\x9a\xf7\x025{\x22k>\xbaj\xd5\
\x89o\x0c\x0c\x0d\xff@\x06\xdc\xc2\x11\x88@\xd1\x09\x8e\
+V\x18\xdf\x8d\x8cd\xc1\xa1y'8\x10\x9f\xb8\xba\
\x8250111 \x07\xe8\xbf\x7f\xff&\xec\x88\x88\
(p\x9d<9\xe0\xe9\x9e=X5\x83\x0dx\xe6\xe2\
\x02a\xb0\xb00033\xc34\xab|\xf8\xf0\x81\xeb\
G\x5c\xcf\xfao1z\x0c\xfa!!\xc6\xfbV\xad:\
\x0d\x8c\x8d\xcd\xff\x914\x83-Fw:T\xb3Sn\
qU\xa1\xa1\x82\x80\xc5\xc9%\x97\xd6\x1f_\xb3\xe6l\
hX\x98)\xd0\xe6\xa0\xff\x10\xef\xc11\x0b.\xcd{\
.\xbf\xba#\xc4\xc3\xf6r{g\xf4\xeb\x17\x02\x02\x13\
\xbe\xafZU\x00TR\x83\xac\xfe6\xb2\x01\x7f\xfe\xfc\
Q\xfe\xf4\xe9\x93cAY-\x5csQ\xb4\xf3I\xa0\
\xd8\xfe\xbf\x7f\xff\xde\x01\xda\xb6\x04Y\xe36 \xbe\x05\
2\xe0\xfc\xf9\xf3`\xff\xb3\xb3\xb3\xdbv\xf4M-\x82\
i\xce\x0a\xb6>\xf2\xf5\xeb\xd7\xc3\xc0\xc0\xbd\x8bM#\
\x0c0\x0b\x0b\x0b3|\xf9\xf2E\x89\x93_T\x9bE\
\xdaX\x08\xa49\xde\xc3\xe0\x00P\xec\x08\xd0U\xf7\x80\
.`8\xff\xed\x1b\xc3\x16\xa0\xe2\x13@\xfc\x16=\xd0\
899\x19\xa4\xa5\xa5c_\x7f\xfcq\xdd\xd2\xde5\
\x97\x87\x87'\x96\x83\x83C\x11\xe4*b\x00(\xe2\xe5\
\x80\xce7\x07\xe6J>\xa0_\xef\x02\xf1;P\x90\xa0\
\xe1\xdfh\xf4\x1fX>\x03\x19\xc0\x0f\xc4\x5cP\xc3@\
1\xf3\x0f\x0f\xfe\x8b\xc4\x06\xab\x05\x080\x00\xc6\x9a\xff\
Y#\x0b\x0c\x94\x00\x00\x00\x00IEND\xaeB`\
\x82\
\x00\x00\x05\xc6\
\x89\
PNG\x0d\x0a\x1a\x0a\x00\x00\x00\x0dIHDR\x00\
\x00\x00\x18\x00\x00\x00\x18\x08\x03\x00\x00\x00\xd7\xa9\xcd\xca\
\x00\x00\x00\x09pHYs\x00\x00\x0e\xc4\x00\x00\x0e\xc4\
\x01\x95+\x0e\x1b\x00\x00\x03\x00PLTEGpL\
\x1d\x1e\x1e\x07\x06\x05\x15\x10\x09YL6\x80\x86\x8a\x93\
\xda\xf5\x8d\x91\x8d{udr\x5c8\x1d\x1e\x1e\x94\xa7\
\xb4\x9b\xd8\xf4\x1c\x1f!\x1c\x1f \x1b\x1b\x1c\x1b\x1c\x1c\
\xa3\xa4\xa5\x19\x19\x1a\x8b\xcf\xef\xe0\xdc\xda\x8e\x8f\x91>\
?@\xc9\xd8\xe5~\x8c\x95\xd7\xd8\xd8\x97\x98\x99\xab\x8f\
b\x1b\x1b\x1c\xb6\xb7\xb8\xaf\xb0\xb1\x1e\x1f\x1f\x98\x99\x9b\
%\x22\x1cx}\x82\x94l6\xe0\x95)\xc9\x99E\xdf\
\xe9\xf0\x9a\x9a\x9d\xc0\xc1\xc1\x94\xc1\xe6\xd9\xda\xda\xae\xaf\
\xb1\x9f\xb2\xbf\xbe\xbe\xbf\x9e\xb1\xbe\x98\xdd\xf6N\x90\xbc\
Q\x99\xc8O\x8c\xb8\xa7\xed\xfd\x1a\x1d )15\x1f\
 !\xb3\xdf\xf6\x8b\xd0\xee\xa5\xeb\xfcJJL\x07\x07\
\x07\xb4\xb5\xb7q\x82\x8b\x02\x02\x02d\xa9\xd8\xc0\xc0\xc1\
\x87\xc3\xee\xbd\xe1\xf6{|\x7f\xa2\xa4\xa5\x1f\x1f \x83\
\xc8\xedt\xb4\xe0&'%\x07\x08\x09\xc4\xd8\xe7f\xa2\
\xcd\x94\xba\xd5\x88\xcf\xf1\x1b\x14\x09\x9e\xd2\xef\x8d\xc6\xe9\
\x8c\xc8\xf1\xc3\xd6\xe6\xbc\xdf\xf5\xf6\xf6\xf6OQR\xc1\
\xe0\xf3I6\x1b\x00\x00\x00M8\x19@0\x1b\x8c\x8d\
\x8fTF/\x95\x97\x98/6;\x8a\x8c\x81IJK\
s\xb5\xe4\x82\x84\x85\x0e\x0f\x0fT@&\x00\x00\x00\xd4\
\x9b9bH#uvx\x94\x97\x99_`bl\x9e\
\xc3\x90\x92\x94\x9bu:\xd0\xe5\xf6\xe9\xdd\xbb\x9a\x9e\xa3\
!!\x22\x87\xbe\xe7dgm\xc7\xc8\xc9\xd6\xbb\x8e\xe4\
\xe7\xebcI\x22\xdc\x93,T@&\xe8\x9f2\xfe\xe6\
\xb9\xf9\xa4(\xca\x9dJ\x8de.\x94\xc4\xe9\xfc\xe6\xb7\
\xfe\xbbS\xcc\x98B\xfe\xe8\xbd\xfe\xdc\x81\x96l2f\
\x99\xc2]jsXY[\x8a\x97\xa1\x85\xbc\xe5m\xa7\
\xd5\x88\x8e\x91\x9b\xc8\xec\x8d\x98\xa1\xf0\xed\xea\xf2\xf0\xf0\
\xb5\xb6\xb7s\x80\x89\xf6\xf3\xf0\xa2\xa4\xa6\x9e\xb2\xbfR\
\x8c\xb8\x8b\x8f\x92\x9e\xb0\xbd\x9e\xb1\xbd\xfa\xf6\xf4\xa0\xe6\
\xfa\x82\xc6\xeb\xf7\xf7\xf8\x9d\xe3\xf8\xa7\xa8\xaa\x93\xd8\xf3\
\x9f\xe4\xf9\xe3\xdf\xdb\x8f\xd3\xf2\x8c\xcb\xed\xd3\xdc\xe2\xdd\
\xdd\xddl\xb0\xdb\xdf\xdf\xdfS\x8e\xb9\xb7\xdc\xf2\x9c\xc6\
\xe4\xa9\xd4\xf0\xb6\xb6\xb8\xe4\xe2\xe1\xe0\xea\xf0\xd1\xe6\xf6\
\xd3\xe8\xf7\xb8\xb9\xba\xff\xb8H\xfc\xa6)\x90\xb4\xcf\xf5\
\xf5\xf5\xfd\xfd\xfdB\x83\xb2\xff\xff\xffP\x95\xc4P\x91\
\xbeN\x93\xc2R\x8a\xb5K\x84\xb1\xa7\xdc\xf5\x90\xd5\xf1\
\x89\xcd\xeeO\x99\xcb\xa3\xd7\xf3\x98\xde\xf6N\x83\xad\xa9\
\xef\xffK\x93\xc5\x82\xc6\xf7\xd9\xd6\xd5z\xc5\xfa\xa7\xee\
\xfd\x95\xd9\xf4\xf7\xf2\xef\xf0\xed\xea{\xc7\xfb]\xa2\xd1\
\xa2\xcd\xefz\xc1\xeeu\xba\xe8\xa1\xa1\xa3\xc7\xe5\xf7\x84\
\xc9\xf9\x92\xd8\xf6\x8c\xd5\xf7\xf2\xf0\xf0\xa9\xd7\xf1\x82\xbe\
\xe9\xa3\xcf\xef\x89\xc5\xec\xd6\xde\xe6p\xa2\xc8\xd8\xd6\xd5\
\xc6\xc7\xc8\xcd\xe6\xf8\xd7\xe0\xe6\x9c\x9d\x9f\xb8\xbb\xbd\xab\
\xac\xae\xd3\xd5\xd8\x90\xc8\xecf\xa5\xd1\xa4\xa5\xa7\xbb\x9b\
jh\x9c\xc5\xf0\xb6H\xff\xbbN\xc7\xe2\xf4\x89\xb7\xdd\
\xf1\xbbE\xf7\xd2w\xff\xec\xc5\xe4\x97*\xf7\xa5-\xf7\
\xd2x\x9b\xc8\xeal\xac\xdd\x92\xb7\xd4i\xa3\xd0\x94\xc6\
\xebZ\xa0\xd5^\x9b\xcaT\x99\xcd\xc0\xc2\xc3\xeb\xc7\x9d\
(\x00\x00\x00\xb2tRNS\x00O-H\x0d\x5c\xfe\
\x01\x03\x05P\x09\xfe\x10\x0fqo\xfd[\xfe\xfe\xe7{\
\xfe;\xfc\xdc\x22B\xfe\xfdK\xe5\x1b\x8b\xda\xfe\xd0\xfe\
\xdb\xfe\xfe\xfc\xdf?\xfc>\xfe\xfe\xfe\xfe\xfe\x0b\x12\x0b\
\xfe\xfe\xfe\xa4)\xfc6\x1d\xfe\xfc\xfe\xfe\xe4\xe1^\xfe\
\xfe\x17\x18\xfe\xfe\xfe\xfe\x16\xfe\xfe\xfe\xfe\xfe\xfe\x9d\xfe\
p!\x0f~\xfe\x11\xfe\x16'\xaa\xfe\xe2M\xa1\x1d\xf2\
\x8a\xc6\xfe\xd1\xfe\xfe6\xfe\xfe\xd0S\xfe\xda\xfd\xfe\xfe\
\x85\xfe\x9e\xfe\xfe\xfe\xc0\xce\xfe\xfe\xfe\xd9\xfe\xfe\xda\xfe\
\x08\xa18\xfe\xfe\x86\xfe8\xfe\xfe\xfc6\xfe\xe1\x06\xfe\
\x8f//\xff\xff\xff\xff\xff\xff\xff\xfe\xff\xff\xff\xff\xff\
\xff\xff\xff\xff\xff\xff\xff\xff\xff\xff\xfem\xcd\xc9\xee\x00\
\x00\x01\xaeIDAT(\xcfc`\x00\x01\xee\x19z\
::z3\xa72\xa0\x02\xf6\xbe\xe9\xda\xba\x1a\xffu\
\xb5{:\xd9Q$X\xd5\xb5\xb6m\xdf\xb9s\xfb6\
-uVd\xf5\xack\xe7\xaam\x9d\xb6c\xc7\xca\xad\
jseY\x11z$\xa4\xe6\x8a\xb7\xfd\xd2\xec\xfd\xdd\
\xf52[<DJ\x02&\xce\xad$\xb9\xfe\xcd\x87\x0d\
\x1b\xde\xafZ\xf3b\xf9\xfd\xf5\x92J\xdcP\x89IS\
&\xfc\xec\xce\xdb\x10\xb6\xea\x96\xff\x929\xcb}n\xba\
\xd8B%\xe4'\xce\xfa\xab\xb9\xf1\xaa\x93\xf9~\x9e\xc5\
\xc2s\xbcg\xd9\xc8C%\xb86\xcd\xfa\xf7\xfd\xd1\xd1\
\xbd+w\xef9~f\xf1\x85Y\x9b\x18a\x12\xb2\x93\
\xff\xd4\x07\xef32\xd8exh\x1e\x9b\xfdYY.\
\xa8\x04\xa3\x5c\xff\x8f\xa25\x87y\xf4g\x1b\x1f[\xc8\
\xe6~N\x0e\xa6CFa\xdd\xea\xc4\x80%\xc2\x0b\xe6\
Y\x9e\x9e\xed\xbbz\x9d\x82\x0cTB\xb1\xa3\xe4\xf1\xed\
\xcbs\x0e\x1e82o\xf6\xf5\xbb\xf7\x1e\x86z@%\
\xda\x0b\x93Vx9^r\xb3X\xc0v#0hY\
lF<,D\xe2\xc4\xae,[z\xf1\xc4\xa9\xf3\xd7\
\xee,]\xf6\xe4\xd9\xf3\x02\x0e\xa8\x0c\x87\xa7\x98\xb3\xc3\
I\x91E\x8bD\x1ehD\xe7<-\xcbW\x95\x86\xca\
p\xda\xb9Z\x89\x0a\xce\x9f/(\x9a\x90\x95\xf9\xaa\xb4\
\xe1S-L\x86\xc3\xd4ZH\x80\x9f_@\x88)\xb9\
\xf8\xf5\xd7\xcd\x9f\xbf\xa9\xc2Lc\xe00\xe1\xe3\xe5\xe5\
3\xe3`ajU\xa9\xd9\x5c\xdd\xd2\x94\x8b\x1e\x97,\
\xccu*[\x1a\x9b?\x96s\xa0\xcb\xc40+\x7f\xd9\
\xf2\xeem:'\x03\x86\x1e&\xe5\x8a\xaa\xb4p\x0c\x09\
\x90i\x95)Q\x8a\x1c\x0c\x982\x91\xa9\x11~\x9c\x0c\
\x00E\xbc\x9c\x09Q\xd40#\x00\x00\x00\x00IEN\
D\xaeB`\x82\
\x00\x00\x00\x86\
\x89\
PNG\x0d\x0a\x1a\x0a\x00\x00\x00\x0dIHDR\x00\
\x00\x00\x0a\x00\x00\x00\x0a\x08\x06\x00\x00\x00\x8d2\xcf\xbd\
\x00\x00\x00\x09pHYs\x00\x00\x0e\xc4\x00\x00\x0e\xc4\
\x01\x95+\x0e\x1b\x00\x00\x008IDAT\x18\x95c\
` \x03\xfc\xc7'\xc9D\x8c\x22\x06\x06\x06\x06F\x02\
\x8a\x18\xb1Y\x8b\xae\x01\x85\x0f\xb3\x1aC')\x00\xc5\
Dl&as3#.+\x91\x15\x13t\x16\x8a\xc9\
\x00\xaa\xb6\x0a\x02\x15\xfb\xf1\x86\x00\x00\x00\x00IEN\
D\xaeB`\x82\
\x00\x00\x00~\
\x89\
PNG\x0d\x0a\x1a\x0a\x00\x00\x00\x0dIHDR\x00\
\x00\x00\x18\x00\x00\x00\x18\x08\x06\x00\x00\x00\xe0w=\xf8\
\x00\x00\x00\x09pHYs\x00\x00\x0e\xc4\x00\x00\x0e\xc4\
\x01\x95+\x0e\x1b\x00\x00\x000IDATH\x89c\
`\x18\x05\x83\x15\xfc\x1f\xb5d\xd4\x92QKF-\x19\
\xc2\x96\xfcG\xb7\x90\x91\x06\x96\xa0\x98\xcbD\x03\xc3Q\
\x00\xb5,\x18\x05\x83\x18\x00\x00\x19\x8d\x10\xf6;j\xc0\
\x85\x00\x00\x00\x00IEND\xaeB`\x82\
\x00\x00\x00\x92\
\x89\
PNG\x0d\x0a\x1a\x0a\x00\x00\x00\x0dIHDR\x00\
\x00\x00\x18\x00\x00\x00\x18\x08\x06\x00\x00\x00\xe0w=\xf8\
\x00\x00\x00\x09pHYs\x00\x00\x0e\xc4\x00\x00\x0e\xc4\
\x01\x95+\x0e\x1b\x00\x00\x00DIDATH\x89c\
`\x18\x05\xa3\x80R\xc0\x88M0--\xed?9\x86\
\xcd\x9a5\x0b\xc3<\x16l\x86\x1b\x95\xce$\xc7|\x86\
4\x06\x86\xff\xe8\x960\x91e\x12\x09`\xd4\x82Q\x0b\
F-\xa0\x83\x054/\x8bF\xc1\x08\x00\x00\xed\xce\x0e\
\xc0\xdbhZ\xf8\x00\x00\x00\x00IEND\xaeB`\
\x82\
\x00\x00\x02l\
\x89\
PNG\x0d\x0a\x1a\x0a\x00\x00\x00\x0dIHDR\x00\
\x00\x00\x10\x00\x00\x00\x10\x08\x06\x00\x00\x00\x1f\xf3\xffa\
\x00\x00\x00\x09pHYs\x00\x00\x0e\xc4\x00\x00\x0e\xc4\
\x01\x95+\x0e\x1b\x00\x00\x02\x1eIDAT8\x8d\x95\
RKH\x94a\x14=\xf7\xfe\xfe\xf3(\x07\x85A\x14\
\x83\x16A\x0bI\xb0\xc0\xd26A\xd2\xa2\x07\xd4J\x8a\
\xa0\xd2 \x0a\xa2\xd9\x84\x08!\x0c\xd1\xa2\xc5\xa4\xd6\x22\
\x22\xda\xa4\xb4\x88hY\x10\xe1N\xcc2j\xd3*(\
\xd3\x92\x88\x9a&\x1f\xf3\xf8\xbe\xff{\xdc\x16\x15\xa4\xe6\
\xa3\xb3>\xe7\xdcs\xee\xbd\x84\xff@\xe7\x83\xce`w\
[j@\x9c}yq\xcb\xf0=\x00\xe0u\xab\x05\xd4\
\xb6\xab\xfa\xce\xbc\xfe\x91)\x14\xbf\x0e_z\xdd\xd1\x0b\
\x00\xb4^}\xfft\xf7\x8db4\x97Q\x95\x05\x18U\
\x81w\x16\x12\xc8\xf9u%\xb86u\xeaJ\xd1\xccg\
\x94*\xc2j\x05\xef-\x84\xc5\x22.o\xd64\xc8M\
u\xf5\x94m\xa9O\xab\x12\xacVp\xce\xc2C\x80\x18\
e\x07[&FW\xad\x90\x9b\xee>\xabl\xf1\x96R\
E2\x952\xac\x8d\xe0\xe1A\x09~2\xd82~\x10\
\x04Y1An\xaa\xeb\xb8v\xa5\x9bJ\x97\xc8\xa8\x0a\
\x9c3\xf0\xe2Aq\x9ea\x1b\x9d\x00A\x80\x15\xae\x90\
\xfbp\xf2\x88v\x95\xbbJ\x97\x03\xab*p6\x82\xf3\
\x0e\x14g#a\xd5\xb1\xfe\xd6W\xf9?\xdce\x06\xe7\
\x1e\xee\xdb\xa1E\xdf\xd7\xa6\x1c\x1aU\x865\x11\xbcw\
\xa0\x18\x83c\xd4w\xbdyt\xeco~\xb0\xd4`r\
d6M.\xc8\xa4\x9b\x08\xee\xb7XB\x02'\xaa\x1e\
\x0dl\x1b\xbb\x80\xcb\x8b\xf9\xcb\x0c\x82 \xc0\xec;\xd3\
\x93\x7f\xbf\x80\xc6\xd6\x04(F\xa0d\xf0\x11\xf0\xfb\x9f\
\xd7\xcfT\x96\xf2\x97Uhhhh\x8f\xa2\x08oG\
\xf2x\xdc;\x09\xe3\x10Q\x1cG\x07\x9b\xc7\x0b\xff\xda\
\xd7\x22d\xb3\xe0\x8e\xd3\xdb\x9f\xd5\xd5\xd7\xe5S\xa9\xd4\
\x990\x0c\xdb\xb6\x1eJ7\xad\xa6\xa1=O\xeb\x0f\xd7\
\x08\xefM\x0b\xa3\xb1vs\x01\xd55;\xbf\x7f*\x5c\
\xbd}`b|\xcd\x89\x00hhh(\xcd\xcc\xed\x22\
\xb2\x89\x99k\x01l\x04\x90\x10\x91\x90\x88\x08\x00DD\
\x88\xc8\x88\x88\x06P\x020\x1b\x04\xc1gk\xed\x8b\xaa\
d2\xa9\x8d1_\x9cs\x22\x22\x0b\xcc\xbcAD\x12\
D\x14\x8a\xfcz4\x22\xf2\x00\x0c\x00\x0d\xa0\xc4\xccs\
\xde\xfbo\xcc\xac~\x02y\x17\x0aN\x9a\x14b\x96\x00\
\x00\x00\x00IEND\xaeB`\x82\
\x00\x00\x02\xc0\
\x89\
PNG\x0d\x0a\x1a\x0a\x00\x00\x00\x0dIHDR\x00\
\x00\x00\x10\x00\x00\x00\x10\x08\x06\x00\x00\x00\x1f\xf3\xffa\
\x00\x00\x00\x19tEXtSoftware\
\x00Adobe ImageRead\
yq\xc9e<\x00\x00\x02bIDATx\xda\x8c\
R\xcfk\x13A\x14\x9e\x9d\x9dd\xf3\xc3l\x9b\xc4P\
KlJ\x88\x92F\x8dP\x14\xe3A\xa9\xa4\x05AJ\
\xa1\x15\x84\x1e\x16\x0f\xfe\x01\xb5\xa99\xe4\xac'Cs\
\xf4\xa6\x88\x97\xdejOVPB\x90\xa2\x96\xd4\x08J\
\xb5i\x0eUK\x9a&\xa8\xf9\xd1M\xb2\xdb\xdd\xcc:\
\x1bcM\xd2\x15|\xf0\xf1\xe6\xed~\xdf{3\xef=\
j\xe2\xf6:\xd02\xb3\xf9\x080\x1a\x8dC\x10\xc20\
\x09\x83\x04N\x82,A\x1cc\x1c\xad\xd7\xeb\x1b\xd5*\
\x0f\x10\xf8\x87)\x0a\x9e\x14\xc5z\xcc\xebA\xf9s>\
C\xc6\xebb\xf2\xf9\x1fXx\xfb\xb1\xeeO}\x12\x96\
\xc9\xff\x10\xa1=E\x82 \x1c\x12\x93\xaaC\x187b\
\xd7F{\xd2g\xbdz\x93\xeb\xa8\xd1\x0e)@\x0d\xf6\
C\xfd\xc01\x8bb\xeb\x952\x8b\xcb\xe5\x98$7>\
#\x9e\xdf\xd3\xba@\xf8\xc2\xb05\x7f\xd2\xcd\x18\xacf\
F\xa7\x8a\x0f\x92\x93s\xc0\xcf\xb2\xeb\xe9\x9f\xdf_\xaf\
\x95\xc3\xa8R\xa9h%\x08\xfa}\x03i\xe2\x0d;\xc5\
\x9a\xb8S\x04b7a\xf84+?\x8f\x7f\x09\x92'\
\x88Z\x09\x9c\xc7\xfbM_\xff\x04>'\xcbv\xb7\xc8\
\x80h\x91h\x9d\x10c\x084\x90\xcd\xe5\xebRKl\
\xd1\xaa\x90\xdb\xad\xc9*\x0f\xeatf\xa0\x81x\xf2}\
\xd9FCHK\x84\xd6-\xc6X\xa1V\xdf\x95zU\
\x1er\x8a\xf7\xc9\x07\xdc\x84\xa2(MHz\xff\xc37\
\xc9\xe9\xc5\xf3gjY\xa7\xcd\x88um\xc3\xa6!\x85\
\xd6>\xf0BbU\xb02\x0c\x1b\xa5\xddn\xf7\x81\xf0\
\xf7\xfc\x95A\x1a\x17\xaeN\x8e_\x9eZx\x06\x91 \
\xea\x84>\x9bN\xb2\xb2\xc8\x9c\xddm\xec/\xbd\xe4\x99\
\xc7K\xe5\x1e\x00\xf4!\xb2\x0b+\xa8sy\x94Sd\
\x03\xa7B\xa1\xf0]\x8e\x9b\xbeg=1\xf3\x22a\xba\
u3\x91\xe4;6\x91\xa6MQY\xaen\xa8\x1a\xd4\
&\xbe\xe8p\xf4M\xcc\xcdE\x22\x1cwc\xbeX,\
>\xb1\xec\x972\x14E\xbf:\xdc\xc2\x06\xd8+$\x81\
\x9dI\x01\xd4z\xff\xb8\xc7\xe3\x1d\x9b\x9d\x8d\xccp\xdc\
\xf5\x07\xdb\xdb\xdf\x16H\xc2\xccVj\x9e$\xa6\x0e\xc9\
\xb7R\xd1\xbf\x81\xcb\xe5\x02\x81@\xe0\xce\xe6fA\x19\
\x19\x19}\x84\x10\x1a\xa3(\x0a\xfc\xaf\xa9L\x83\xc3\xe1\
\xb8D*^)\x95J9Y\x96W\x9aw\x04@n\
Aj\xf3R[\xacr\x1aT\xab\x0fvuBj+\
\xda\x80[ht\xf9\x0e\xfc\x12`\x00_R'\x8ek\
K2\xe9\x00\x00\x00\x00IEND\xaeB`\x82\
\x00\x00\x00\x9a\
\x89\
PNG\x0d\x0a\x1a\x0a\x00\x00\x00\x0dIHDR\x00\
\x00\x00@\x00\x00\x00\x10\x08\x06\x00\x00\x00\xa6\xe7y)\
\x00\x00\x00\x09pHYs\x00\x00\x0e\xc4\x00\x00\x0e\xc4\
\x01\x95+\x0e\x1b\x00\x00\x00LIDATX\x85\xed\
\xd0\xb1\x0d\x00 \x0c\x03A\x87Y\x98\x82\xfd\xc5\x14\xec\
\x02#\xa4\x01\x1e\x09_\x9d\xe2c\xc9\xfe\x16\xd9\xc1\xec\
u\xde\x08\xd9-\xdaH\x7f\x93\xa4r:\xe4u\x1e\x80\
\x0e\xa0y\x00:\x80\xe6\x01\xe8\x00\x9a\x07\xa0\x03h\x1e\
\x80\x0e0c-\xb6\xc7\x04\x18\xfa\x99\x11C\x00\x00\x00\
\x00IEND\xaeB`\x82\
\x00\x00\x00q\
\x89\
PNG\x0d\x0a\x1a\x0a\x00\x00\x00\x0dIHDR\x00\
\x00\x00\x10\x00\x00\x00\x10\x08\x06\x00\x00\x00\x1f\xf3\xffa\
\x00\x00\x00\x09pHYs\x00\x00\x0e\xc3\x00\x00\x0e\xc3\
\x01\xc7o\xa8d\x00\x00\x00#IDATx\xdac\
x9G\x98\x81\x12\xcc@5\x03\xfe\x1fS\xf9O\x0a\
\x1e5`\xd4\x80\xe1j\xc0\x80\xe5F\x00\xd7\x93U\x1f\
\xd2Ux\xd0\x00\x00\x00\x00IEND\xaeB`\x82\
\
\x00\x00\x01\x12\
\x89\
PNG\x0d\x0a\x1a\x0a\x00\x00\x00\x0dIHDR\x00\
\x00\x00\x10\x00\x00\x00\x10\x08\x06\x00\x00\x00\x1f\xf3\xffa\
\x00\x00\x00\x19tEXtSoftware\
\x00Adobe ImageRead\
yq\xc9e<\x00\x00\x00\xb4IDATx\xdab\
\xfc\xff\xff?\x03%\x80\x89\x81B@\xb1\x01,(\xa6\
11\x85\x01\xa90$\xa1z(\xdd\x88,\xf6\xef\xdf\
\xbf\xabp\x1e(\x0c`\x98\x91\x91\x11\x84\x9d\x80x\x1d\
\x94\x86\x89\xe9 \x8b!\xeb\xc1\xe6\x85\xd7P\x97\xbdF\
\x12\xbb\x82E\x0cg\x180\x0213\x94F\x06\xd8\xc4\
p\x1a\xc0\x8aE1+)\x06\xb0`Q\xccB\xac\x01\
\x9f\xa1\xb6\xa9 \x89\x19B\xc5>c\xd8\x86\x9c\x12\x81\
\xd1\x08c\xa6\x02q2\x9a\xda\xb9@<\x1b\xc4\x00F\
#v\x03@Q\x84L\xa3\x03\x98Zd=,hj\
\xf8\x81\xf8*\x81\xfc\xa1\x03\xc4\x1fp\x19\x00\x02F8\
\xc4A\xe0/\xde0\x18\x90\xcc\x04\x10`\x00Vx=\
\xa2J\x00\xadx\x00\x00\x00\x00IEND\xaeB`\
\x82\
\x00\x00\x01<\
\x89\
PNG\x0d\x0a\x1a\x0a\x00\x00\x00\x0dIHDR\x00\
\x00\x00\x18\x00\x00\x00\x18\x08\x06\x00\x00\x00\xe0w=\xf8\
\x00\x00\x00\x09pHYs\x00\x00\x0e\xc4\x00\x00\x0e\xc4\
\x01\x95+\x0e\x1b\x00\x00\x00\xeeIDATH\x89\xe5\
\xd4\xbd\x0a\x830\x14\x05\xe0k\xe9\xe4\xe6.>\xbd\xb8\
:9\xfa\x00\x82\xe8(\xae\x0e\x8a\x5c_ b\xee\xe9\
\x94\xd2\x1fm\x8a\xd1\xa5=\x90)\x90\xef\x9e;\x84\xe8\
\xd7\x03\xd7\x07.g#V\xa0(\x0ag\xe4S \x22\
\x88\xe3\x18g!\x10\x11(\xa5P\x96\xe5)\x08D\x04\
\x00 \x22H\x92\xe4p\xe4\x0e\x00\x80R\x0au]\x1f\
\x8a<\x01\xa6I\x9e\xe7\x87!o\x00\x00\xcc\xf3\x8c,\
\xcb\x0eAV\x01\x00X\x96\x05M\xd38#\x9b\x80i\
\x92\xa6\xa9\x13\xf2\x110M\xda\xb6\xdd\x8d\xac\x02\xc30\
\x98\x07_\xcf[\xbe\xf9\x8bHkM\xccL\x9e\xe7\x11\
3\x93\xd6\xda\x5cy/g_\x83\xae\xeb\x1e'\x84\x88\
\xa0\xaa*\x84ah]\x8b\xb5\xc18\x8e\x14E\x91\x99\
\x96\x88\x88\xa6i\x22\xdf\xf7)\x08\x82=C?ek\
\xb7k\xcdVs\xb5\x00\x9b{\xed\xfb\x9e\x98\xd9>\xa2\
CN\xfb\xc2\xff,7\x19N<\xe7c\xa4\xf4\xf3\x00\
\x00\x00\x00IEND\xaeB`\x82\
\x00\x00\x02\xb9\
\x89\
PNG\x0d\x0a\x1a\x0a\x00\x00\x00\x0dIHDR\x00\
\x00\x00\x18\x00\x00\x00\x18\x08\x06\x00\x00\x00\xe0w=\xf8\
\x00\x00\x00\x09pHYs\x00\x00\x0e\xc4\x00\x00\x0e\xc4\
\x01\x95+\x0e\x1b\x00\x00\x02kIDATH\x89\xed\
\x92\xbfKja\x1c\xc6\x9f#\x22\x09b\xe8P\xa4\x88\
\x98\x84\x93Tb\x16\x98\x1284\xbb\xb44H\xff@\
D\xb8E[\x0d\xb57\xf7\x0fH\x9a\xe0l\xb8H\x9a\
?\xa0EP\x8cs\x8cN?$\x89\x03\x07N\x9ez\
\xeet/\xf7\xde2-\xeer\xa1\xcf\xf2\x0e\xef\xcb\xf3\
<\xdf\xe7\xfb\x02\xdf\xfc7D\xa3Q\xb6Z-\xbe\xbe\
\xbe\xf2w^^^\xd8h4\xb8\xb1\xb1\xc1/\x8b/\
--\xb1V\xabQUU\xfe\x8d\xae\xeb\xac\xd5j\x5c\
\x5c\x5c\xa4(\x8aoL\x0c\xc3\xc4\x03\x81\x00\x0f\x0f\x0f\
\xe1\xf1x`6\x9b\xdf}C\x12777\xb8\xbf\xbf\
\x7fs\xf7\xa1A0\x18\xe4\xde\xde\x1e\xb6\xb6\xb6\xa0\xaa\
*\x9e\x9f\x9f\x07\x1a\xe8\xba>,\xeb\x9f\xac\xaf\xaf3\
\x97\xcb\xd1\xef\xf7\xb3R\xa9paa\x81\xb2,S\xd3\
\xb47\x15U*\x15NMM\xb1\x5c.\x8f\xbe\x07\x9f\
\xcf\xc7\x9f\xdd\xcf\xce\xce\xb2Z\xad2\x1c\x0eSQ\x14\
j\x9a\xf6\xeb\xec\xf7\xfb\xbc\xb8\xb8\xf8\x9aA\xb1X\xe4\
\xfc\xfc<\xeb\xf5:C\xa1\x10eY\xa6\xa2(\x14E\
\x91\xc1`\x90www\x94$\x89\xa5R\x89\x0e\x87\xe3\
]\x03\xe3 \x03\xbf\xdf\x8f\xed\xedm\x1c\x1f\x1f#\x99\
L\x22\x95J\xc1b\xb1@Q\x14\xac\xae\xaeB\xd34\
H\x92\x04\x9b\xcd\x86\xc7\xc7GLLL\xbc\xab3p\
\xc9\xa9TJ\xe8v\xbb\xb8\xbe\xbe\xc6\xd3\xd3\x13L&\
\x13z\xbd\x1eb\xb1\x18\xf6\xf7\xf7\xe1r\xb9`0\x18\
 \xcb2TU\x85\xcdf\x83 \x08#7\x04\x00\x88\
\xc7\xe3\xf4z\xbd\xbc\xba\xba\xa2,\xcb\x5c^^\xa6\xd3\
\xe9d$\x12\xe1\xf9\xf99\xf3\xf9<ONN\xe8t\
:\x99\xcdf\xd9l6G\xaf\x08\x00\xd2\xe9\xb407\
7G\xb3\xd9\x8cN\xa7\x03I\x92\xb0\xbb\xbb\x0b\xab\xd5\
\x8a\xdb\xdb[\xe8\xba\x8e\xcd\xcdM\x1c\x1d\x1d\xc1\xe3\xf1\
`ff\xe6s#$\x12\x09\x8a\xa2\xc8\x87\x87\x07\xee\
\xec\xec\xd0\xe7\xf3\xd1n\xb7srr\x92\x0e\x87\x83+\
++\xccf\xb3\xbc\xbc\xbc\x1c\xf8{>\x9c\xa0\xd1h\
\xc0h4\xa2\xddn\xa3T*\xe1\xe0\xe0\x00v\xbb\x1d\
ccc\x10\x04\x01\x82 `||\xfc\xf3\xc9\x01 \
\x1c\x0e\xb3\xddn\xb3P(\xd0\xedv\xf3\xf4\xf4\xf4\xc3\
\xa4\x9f\x22\x10\x08\xb0^\xaf\xf3\xec\xec\x8cn\xb7\x9b\x99\
L\xe6\xdf\x89\x03\xc0\xda\xda\x1a\xa7\xa7\xa7\x19\x8b\xc5\x86\
v<\x8c\x81\xdd\x89\xa2\xc8n\xb7\x0b\xab\xd5\xfa\xb5\x8e\
\xbf\x19\x95\x1f\x1f\xc5\x91\xdd:\x95\xa2\x04\x00\x00\x00\x00\
IEND\xaeB`\x82\
\x00\x00\x00\xa9\
\x89\
PNG\x0d\x0a\x1a\x0a\x00\x00\x00\x0dIHDR\x00\
\x00\x00\x10\x00\x00\x00\x10\x08\x06\x00\x00\x00\x1f\xf3\xffa\
\x00\x00\x00\x09pHYs\x00\x00\x0e\xc4\x00\x00\x0e\xc4\
\x01\x95+\x0e\x1b\x00\x00\x00[IDAT8\x8d\xed\
\x931\x0e\xc00\x08\x03}\xfc\xff\xa1\xf9\x85\xbb\x84\x8a\
t\x89H\x97\x0e\xbd\x89\xe5\x12[\x02l[/\x08I\
\x02\x04\xe8h\xb6m@\xdd \xe9P+\x90\xcfn\xa8\
\xce]\xa1K:\xd16\x1f\xc4\x8c\xd4\x16\xd3\xf9+|\
\xa1\xc2\xf1*/\x09$\xd5C\x19\xc0\xd8\xcc\xeb1\x1d\
}=\xb9\x00\xe9\xc78\xb1@\xe6\xd6&\x00\x00\x00\x00\
IEND\xaeB`\x82\
\x00\x00\x00o\
\x89\
PNG\x0d\x0a\x1a\x0a\x00\x00\x00\x0dIHDR\x00\
\x00\x00\x18\x00\x00\x00\x18\x08\x06\x00\x00\x00\xe0w=\xf8\
\x00\x00\x00\x09pHYs\x00\x00\x0e\xc4\x00\x00\x0e\xc4\
\x01\x95+\x0e\x1b\x00\x00\x00!IDATH\x89c\
`\x18\x05\x83\x15\xfc\x1f\xb5d\xd4\x92QKF-\x19\
\xb5d\xb8[2\x0a\x06\x19\x00\x00\x9d[\x0e\xf2ro\
\xcb\xcd\x00\x00\x00\x00IEND\xaeB`\x82\
\x00\x00\x00\xa5\
\x89\
PNG\x0d\x0a\x1a\x0a\x00\x00\x00\x0dIHDR\x00\
\x00\x00\x10\x00\x00\x00\x10\x08\x06\x00\x00\x00\x1f\xf3\xffa\
\x00\x00\x00\x09pHYs\x00\x00\x0e\xc4\x00\x00\x0e\xc4\
\x01\x95+\x0e\x1b\x00\x00\x00WIDAT8\x8d\xc5\
\x911\x0e\x00 \x0c\x02\xab\xf1\xff_\xd6\xcd\xa1\x82\xb4\
\x1a#\xa3\x81\x0bT\xb3\xc7\xea\xcaP\x82a\xea\xab\x99\
:7\x00:\x85\x01\xba\xed\xe7\xa5\x1b\xd0\x16\x0a [\
 \xc0\xae\xfe\xd2\xc2\x1b\xe5\xbf\xfb\x5cS\x06\x05G\x13\
\x22\xd7\x9f\xb0\x8a\x1e\x89 \xb8\x90\xe0\xe9m>h\x00\
~\xd4\x0d\x14q\x08a\xd1\x00\x00\x00\x00IEND\
\xaeB`\x82\
\x00\x00\x00\x96\
\x89\
PNG\x0d\x0a\x1a\x0a\x00\x00\x00\x0dIHDR\x00\
\x00\x00\x18\x00\x00\x00\x18\x08\x06\x00\x00\x00\xe0w=\xf8\
\x00\x00\x00\x09pHYs\x00\x00\x0e\xc4\x00\x00\x0e\xc4\
\x01\x95+\x0e\x1b\x00\x00\x00HIDATH\x89c\
`\x18\x05\x03\x0d\x18a\x8c\xb4\xb4\xb4\xff\xd44x\xd6\
\xacY\x8c\x0c\x0c\x0c\x0c,\xc8\x82F\xa53\xa9b\xf8\
\xb9\xeet8\x9b\x89*&\xe2\x01\xa3\x16\x8cZ0j\
\xc1\xa8\x05D\x00\x94\xc2\x0e\xb9\x90\x1a\x05\xa3\x80h\x00\
\x00\x14,\x08\xe2\xef\x16K\xd4\x00\x00\x00\x00IEN\
D\xaeB`\x82\
\x00\x00\x01\xd9\
\x89\
PNG\x0d\x0a\x1a\x0a\x00\x00\x00\x0dIHDR\x00\
\x00\x00,\x00\x00\x00 \x08\x06\x00\x00\x00iF\x9az\
\x00\x00\x00\x09pHYs\x00\x00\x0e\xc4\x00\x00\x0e\xc4\
\x01\x95+\x0e\x1b\x00\x00\x01\x8bIDATX\x85\xdd\
\x98=N\xc30\x14\xc7\xffF\x19\xbap\x01\xc6\x8a\xa9\
L\x89\xc4\xd0\x156\x16&&FK\x5c \x07\xa0\x1c\
\xc0\x17@\xf2\xc8\xd4\x89\x85\xad]; \xd1)\x8c\x19\
{\x86lf\x00K\xf1g\x12'M\x5c~R\xd5\xfa\
\xe5\xd9\xf9\xf7\xe5=\x7f\x84 \x1c\xf1\xf7M\xb4\xdf\xb6\
\xeb\xf5v_[0\x83\x0c2\xe6=\xa7\x10|z\x90\
M\x9e\x06E\xea\x96\xed\xb1\xc9\xd3\x90~\xa4\xd9\xcb\x89\
H\x00\xe0&\xdfw\xef\xca\xba\xf7\xdb\xb2\xee\x7fP'\
\xe9=\x82\x03\xf2\xfa`\x1a\xcf\x01\xac.\xfdOt\xb5\
\xf6>\x81`\xc1\xe2\xd0\xecs\xf7\xfc\xd9i\xcc\x8f\x97\
\xeb&\x17r\xe6\xbb\x9a\xb1\xa2\xd3\x0d\xc7\xc0+\xd8\x07\
\xb9\x18RFk\x84Sp\xc6\x0a\xdc\xd3EtQ\x0e\
\x8ep\x9b\x1c>\x02\xf6\x1c\x96\xd1\x05\x10]\x94\x83#\
<\x15\x86\xe0zt%\xb6(GWt\xb1\xa2,\x1c\
2\x8a\xef\xfc\xdb\xea\x9c\xb1\x02_\xf9\x15\x80vE\xd7\
b!\xe8\x0aQ\x04K1C \x9e\xd6\x86m\xcb\xd2\
\xbe\x9b\x9f\x7fPtm\x99\xaa\xe8\x9c\x9b\x1f>W\xdb\
\xb4<\xb6\x96vX\x05\xbf-f\xa0K\xd5\xc6\xe7\x95\
\x22:\x9a\x95\x8e\xcf\x81G\xcb>\x9b.gF\xd4\xa7\
\xa0\xf7\x06^\xe6\xb2\x8cx=\xb7M\x9brB\xf1\x1d\
\xe7\x9d\xaf\x0bz\xcf\x12\xe2\xa0\xa6\x87l\xdbl\xda\x19\
\x90\xd4>\xba\xcd\xe6\x87A\x04\x8f\x8d!\x98\x96\x00\xdf\
U\x86#\xdfUQ\xcc\x14\xd6\x1c\xa6\xe5\xef\xac\xa0\xdb\
b\xc0Yt\xb1\x08\xd49\xfd\x1c\x8e\x9d\x04\x18\xe6\x8d\
\xccX\xfc\x00\xf9\x17t\xff\x0aP\xe3\x5c\x00\x00\x00\x00\
IEND\xaeB`\x82\
\x00\x00\x02\x1e\
\x89\
PNG\x0d\x0a\x1a\x0a\x00\x00\x00\x0dIHDR\x00\
\x00\x00\x10\x00\x00\x00\x10\x08\x06\x00\x00\x00\x1f\xf3\xffa\
\x00\x00\x00\x09pHYs\x00\x00\x0e\xc4\x00\x00\x0e\xc4\
\x01\x95+\x0e\x1b\x00\x00\x01\xd0IDAT8\x8d\x85\
\x93\xcf\x8bRQ\x1c\xc5?\xf7\xa9\xa32\x96X>\x1b\
\xf1\x07\xd3\xa2U\x14\xc1,J&\xa4\x95\x8b\xf6\xad\x82\
\x0a\xdcDD\x8b\x98M\xff@\xfb\xfe\x81\xfe\x80\xda\x0f\
\xb4\x08\x0a*fQ\x041/\x8cI\x1bf\xa6(\xdf\
P\x96X\x8e\xef\xf9N\x8b\xd4\xc4\xd4\xce\xea\xc2\xf7\x9c\
\xef9\x9c{/\xcc\x81j\xe9Cz\x97M\xcf\xe3X\
\xf3\x86~4\xb6\xe2/\x84\xaa\x12\xa1Y\x1c3\xd5\xf9\
\xf3\xb1E\xefW\xf8\x04\x81u\x0b\x8b\xb2\x117\xc2\xa6\
\xfb\x86e\xf7\x8b_\xcf] d\x149\xbe\xf7dv\
\x82\x8euT\xb2.\x1bK\x15D>\x80\x9b\xbe\x22\xa7\
\xf8\x94\x8dcLE\xa2\xaa-\xa2\xb3\x13\x08\xc3~:\
\xe1\xb5cW\x8d\xe1b\xd8t\xab\x9ebE\x895\x0b\
\xca\xc2\xc4$=7Fw\xa6&0\x06\x19{\xbf-\
\xbf\xff\xb8\xbe\xed=z\xf9\xd6\xac.\x9f\xdd\x0b}\xff\
\xd1\xbf\x87x\x01r,\xfaw\xbf\xb6\xfd\xf7\xf3:d\
i\x09\x1b\x90$\x01\x02\xec^#w\xa5W\xcf]\x9f\
+\x1c 5\x147\x9b\xcd\xeep\x81v\xf3qm\xb2\
\x00$\x80\xf8,qr \x10\xd0\x19\x9ew6\xb2\x15\
m\xda\x89q\xe2\xb4\x0e2@\xcbq\x1c\x22\x91H\x00\
|\x00\xcel\xac\x1fIf3\xa1\xdb\xfeb\xf4\xbc4\
\xbd\xfc\x91\xb3\xe38\xb2m;\x00^\x03\xe5\x9f[\xb9\
K\xbdz\xe1~\xafQhy\x8d\xc2S\xafQXS\
=\x95\x9cL0r.\x95J\x81\xeb\xba5\xe0\x1a\xf0\
,n\x99\x9aL\xf0\x11\xe4\x07\xd02\x0aj\xec|\xeb\
\x8c;\x1f\x1e:\xa7R\xa9\x00x\x05\xac\x8e\x13\xf4\x80\
\xd0A#\xff\xd0\xdb\xce\x95&c\x8f\xda.\x16\x8b\x01\
\xe0\x00\xe7\xe0\xdf\xf7\x7f\xd0\xc8\x9f\xd6.\xf1\xc1\xcc\x1e\
-\x97$\xd7u\xfb\xfci{eVA\xb3\x90\xe1\xef\
\x95\x9d\xe4??t\x12\xbf\x01\xf6\x94\xd2\x1b-\xc5B\
d\x00\x00\x00\x00IEND\xaeB`\x82\
\x00\x00\x00\x8d\
\x89\
PNG\x0d\x0a\x1a\x0a\x00\x00\x00\x0dIHDR\x00\
\x00\x00\x10\x00\x00\x00\x10\x08\x02\x00\x00\x00\x90\x91h6\
\x00\x00\x00\x09pHYs\x00\x00\x0e\xc3\x00\x00\x0e\xc3\
\x01\xc7o\xa8d\x00\x00\x00?IDATx\xdac\
\xb8x\xe92\x1c\xbd@\x02\xb8\xc4\x19\xc8\xd4\xc0@\x04\
@\xd7\x80\xdf\x06\x84\x06(\x05\xe6\xe3q\x1e\xc4D\x10\
c\x10j \xd9\xd3\x83P\x03\xf9\xa1D\x10\xa0h\xc0\
\x9f\xe0\x90\xc5I\xd6\x00\x00\xed\xd4%+\xba\x08\x90M\
\x00\x00\x00\x00IEND\xaeB`\x82\
\x00\x00\x00z\
\x89\
PNG\x0d\x0a\x1a\x0a\x00\x00\x00\x0dIHDR\x00\
\x00\x00\x10\x00\x00\x00\x10\x08\x06\x00\x00\x00\x1f\xf3\xffa\
\x00\x00\x00\x09pHYs\x00\x00\x0e\xc3\x00\x00\x0e\xc3\
\x01\xc7o\xa8d\x00\x00\x00,IDATx\xdac\
x9G\x98\x81\x12\xcc@5\x03\x80\xe0?)\x18\xab\
\x01\xff\x8f\xa9\x10\x85G\x0d\x185\x80\xb6\x06P\x94\x94\
\x07,7\x02\x00\xc5\x84\x01\x13\xc3\x99%\xad\x00\x00\x00\
\x00IEND\xaeB`\x82\
\x00\x00\x02\x9f\
\x89\
PNG\x0d\x0a\x1a\x0a\x00\x00\x00\x0dIHDR\x00\
\x00\x00\x10\x00\x00\x00\x10\x08\x06\x00\x00\x00\x1f\xf3\xffa\
\x00\x00\x00\x19tEXtSoftware\
\x00Adobe ImageRead\
yq\xc9e<\x00\x00\x02AIDATx\xda\x8c\
SMk\x13Q\x14=\xf3\xdd\xd4\x866\xc6\xd4D\xec\
\xc2\x85P\x12t\x1d0\xab\x08\xe2\xc6\x9d;\xff\x80\x8b\
\xfe\x05[\x08.\x5c\x8b`\xd7\x85\x80\x0b\xd7\x82\x94\x16\
\x0a]tU\xb2\xd2VS]\xa8\x19c5\x1f&i\
f&3o\xbc\xf7%\x93L\xb1\x88\x17\xee\xbc\xaf{\
\xce\xdcs\xef{\xca\xc3\xf5u\xb0)\x8a\xf2\x80\x86\x1c\
\xfem\xbbB\x88\xba\x08\x02\x84a\x88\xa3\xfd}\xe8<\
a\xa3\xf1\xda\xd6\xc6\xc6\xa6G\x87#v!\x10\xd0Y\
t^\xab\xd5\xb0\xb5\xbd\xfd\x98\xffE\xfe\x91\xf7VK\
%\xa8\xcc6qE0h4\x92\xee9\x0e\x86\x83\x01\
\xfa\xfd>z\xbd\x9e\x1c_W*\x9b\x14w\x97\xb07\
\xa3\x94\xf4\x80\xc0\x13S\x98Z\xa5\xaf\xa1i\xb3\xa4}\
\x1f>\x11\xb7Z-\xbc\xa8VQ\xce\xe7_>\xafV\
\x9f\xd0\xc9SI f\x04*\x83UI\x83\xbfH\xca\
\xe5\xb2\x94\x93L&\xf1\xb6VkO3\xf0\xe3\x19\x10\
\xf8\xd3\x9b\x95\x0bj\xc7\xa4\xe3Z\xe0\xdeg\x10F\x99\
I \xf6\xb8\x04\xd34\xcfCyW\xa5\x89\x90\x85\x96\
k\xc2\x5cH %\xfc\xfc\xb5\x88\x5c\xd6\xa5\xc58X\
35h\x96\x81\xc0\xa5\xe2z\x01\xb41\x81:\x05\xf9\
\x5c\xa4\xb1\xabL[}\x95\xc1\xbb\xf7)X\x96%}\
!\x9d\xc6\xf2j\x1e\xc9L\x06\xd6\xdc\x9c\xac\x0d\xc7F\
\xb88\x81\xacA\xb3\xd1\xc1\xce\xae\x01\xcf3\xa1\xe9\x16\
\x12\xe9\x1c\xac\xa5\xeb\x98Oga\x90<CUel\
\x84\xd3\xb9\xe7Q6\x9c\x81\xddh\xc0u.\xa3RY\
D\xe1\x96\x81\xfb\x8f2\xb8\x9d\xbb\x81v7\x80;\xb4\
1\xcf\x12F#u\xd6\x85X\x0d8\x83\xb5\xb5\x01i\
?\x83\xae\x7f\x87\xa6)\xe8\xd9'h\x7f\xdd\xc1\xb7\x0f\
.\xba\x8d\x012w %L\x09\xba\xb6\x8dK\xa4/\
\xeaB6k\x9e\xeb\x9e\x7f\xe6\xc1\xae\xf7\xe0t}\xea\
\x82\x90\xf7\xc4\x9ftapz\x0a\xbd\xbe\xb7\x87\x95b\
\x11\x89TJ\xe7\xcd\xc3C\x07\xf1\xbe.]\xa1\x94\x13\
.N\x8e\xe96\xfe\x08Q\xa2}\xba\xe2\xfa\xb0\xdd\xc6\
\x97\x83\x03\x19\x97 _\xbeZ,V\xc2\x98\x09\xf2@\
\x88\x90\xaeqH\x8f+\xa4G\x16:\xbe\x1f\xba\xb4\xe6\
X\xc60V\x8f\x08~7\x9b\x9d\x85B\xe1\x19\xfe\xc3\
\xc4p\xd8\x99\x10\xf8\x7f\x04\x18\x00\xb6QGFM\xa6\
v\x14\x00\x00\x00\x00IEND\xaeB`\x82\
\x00\x00\x00\xf7\
\x89\
PNG\x0d\x0a\x1a\x0a\x00\x00\x00\x0dIHDR\x00\
\x00\x00\x10\x00\x00\x00\x10\x08\x06\x00\x00\x00\x1f\xf3\xffa\
\x00\x00\x00\x19tEXtSoftware\
\x00Adobe ImageRead\
yq\xc9e<\x00\x00\x00\x99IDATx\xdab\
\xfc\xff\xff?\x03%\x80\x89\x81B0\xf0\x06\xb0`\x98\
\xc8\x047S\x1b\x88\x1b\xd1\xa4\xeb\xff\xfd\xfbw\x15E\
\x04\x14\x88\xc8\x98\x91\x91\x11\x19\xeb\x00\xf1z \xee\x81\
\x89\xa1\xabg\x22\xc2\x8b\xac@\xbc\x90\xdc0\xb0\x00\xe2\
?@|\x99\x5c\x03\xfc\x81x'\xb9\xb1`\x04\xc4\x02\
@|\x029\xbc\x08\xc6\x02, \x81\xa0\x08\x88\xd9\x81\
|f\xbcnD\x0fU \xb0\x05\xe2\x87h\xd8\x1d\x88\
\xc5\xa1\x06\xa2\xc6\x1a\xba\xb3\x80\xb6s\x03)>\x10\x13\
\xcd\xae\xbf@\xfc\x01\xa8\xfe'\x8a\xfa\xa1\x9f\x99\x00\x02\
\x0c\x00]\xafW\xc19\xda\xb9\xde\x00\x00\x00\x00IE\
ND\xaeB`\x82\
\x00\x00\x01\xfb\
\x89\
PNG\x0d\x0a\x1a\x0a\x00\x00\x00\x0dIHDR\x00\
\x00\x00\x10\x00\x00\x00\x10\x08\x06\x00\x00\x00\x1f\xf3\xffa\
\x00\x00\x00\x19tEXtSoftware\
\x00Adobe ImageRead\
yq\xc9e<\x00\x00\x01\x9dIDATx\xda\xa4\
\x93\xbfK\xc3P\x10\xc7///\x92\x0eE\x9d\xec\x14\
\xc4R]]\xea\xa2\x90\xbf\xc3\xc1A\xba\xe8\xe2\xe0\xa4\
\xe0\xe0\xe0\xe0TE\x1cD\x10\x07qqvs*\xea\
(\x9d\x84\xa2\xed$\xa5\x0e\xa2\x85\xd6Z^\x93\x9cw\
\xafiMQ\xdb\x8a\x81\xcb\xcb\x8f\xfb~\xde\xf7\xee\x12\
\x03\x11\xe1?\x87\xcc\xc8}Z\x8c\x15:%k[o\
\x8f\xc3\x88\xe2;\xe3)ZJ\x00x$\xdb\xfbcj\
\xe3,\xb3>\xbd\x18\x87A~\x0c\x8a\x87\x99\x1a\xec.\
\x9dd\xb5\x03\x84\x80W\xa1\x94\x02\x8f\xca\xf1}\xbf/\
\xc04M\xe0\x5c\xd2\x89\x10\xa0\xf7\x14A\x10\x80\x22q\
\xab\xd5\xea\x0b\xb0(8\x97t\x22\xea\xc0\xf4<O\x03\
\x9a\x03\x00(\x04p.\xe9L\x0d\x08P[6\xd9\xba\
\x22\xf2 \x80\xb0,]&\xe9B@\xe8\x80\x1f\xbeW\
\x14\x8cL\xd8}\x01\x9c\xa3\x01\x1d\x07\xd1\x12\x8a\x17O\
C\xcd>\x16\x8bEJ\x80\xaf\x12\xf2\xf9<\xfc\xf6a\
\x19\x86\xd1\xbdv]\x97\xb6\xed-A\xb2\x03\x1e\xd1\xfc\
Z\xf2\xdb$,\xaa\xfb\xf6\xa0\x04\x8e\xe3@\xb9\x5c\xd6\
M$\x9d\x8c:\x90\xec@J\x09\xf5z\x13r\xd9{\
-\x9c[\x9d\xeaZ\xe6w|\xd8\xb6\x1d\xf6\xc0o\x03\
|\xf0\xf4&\x82\xc6\xc3I\x8d\x86\x82D\x22\xa1\x93\xf9\
Z\x8f\x0e\xcd\x1e\x00\x7f\x07\xa4\xb3\xf4T\xae\xf1\x1c\x9e\
\xb1x\xb8\xb7y|\xf5Ry\xad*\x85:\x99\x03\xb1\
\x1d\x9dgQ\x80\xc2\x8f8k\xb93\x0e\xc5X\x12\xd2\
\xe9I\x98\xcd\xe4\xe4\xe9\xcdOMt\xbd\xe5\x85\xe8}\
\x15*\x85;\xb8\xdcf\xc0(\x83y\x12\x7f\xfc\x93\xb9\
y\xcdO\x01\x06\x00\xba\x01\xda*\x984\xd6h\x00\x00\
\x00\x00IEND\xaeB`\x82\
\x00\x00\x03I\
\x89\
PNG\x0d\x0a\x1a\x0a\x00\x00\x00\x0dIHDR\x00\
\x00\x00\x10\x00\x00\x00\x10\x08\x06\x00\x00\x00\x1f\xf3\xffa\
\x00\x00\x01\xbcIDATx^}S]O\xc2@\
\x10\xe4\xb7\x13\x1f\x8d\xf1\x17\xf8\x85\xa2\xd0^\x15\xb0\xb5\
\xad\xa0\x92\xf8n\xf8\x07<i\x82\x12\x10A\xdak{\
\xe3\xee\xd5^\xc5\xa2M7\xd7lnfvg\xb7\xb5\
4M\xc1O\xcb\xee\xe0\xdc\x12h\xb6\x84>/\xda\x82\
r\x02\xc2\xb9D\xbd\xbe\x83\xc1\xfd\x10J)}\x971\
\x05\xae\xa63\xf4x\xe1\xa0\xf8\xac\x9c\x93\xc9\x04\x0d\xe1\
\xa2\xff\xf0h\x08\x8aK\xb5\x82\xc9\xf5o\xff%XD\
\x19\x9c`\x88\x8e\x1bBJi\xee\x1a\x02\xef\x1f\x82\x97\
\x97g\xbcM\xa7x~\x9dCxwhZNIP\
\xb6\xf0w\x05\xe3\xf1\x18O\xa3\x91\xf6\xc1\xe9\xf4\xb0\xbb\
\xb7\xbf\x85 \xf8\x9b\x80\xdc#\xd3\x14bI'\xf9\xe8\
\x05\xa5_\xba\x05\x8e\x9b\x1f\xc9\xaa\x19\x0a2\xcd\xb0\x96\
)\x12\x22poB\x8d\xe1\xa9\x18\x0f\xfc\xdb\xfeV\x13\
\xf9R\x9a\x91z\x92\xe13N\x11g@\xcf\x0f\xcd4\
\xf4\x18\x99\xcd\x0f\xab\x04\x0c\xce\x08\xcc\xea\x11\xa9\xaf\x22\
\x22\xa0\xb5\xe9zy\xbb\x8c3-\x84\xfdM\x02\x06+\
\x02'\x1a\x9c\xab\x7f\xac\x13\xd0K\xa3\x0c\xca\x16\x8a\xba\
\x0d\x01\xab\x82\xcb\xce\xbe\x95s\xf02J\xf0\xfe\x99\x13\
\x5c]\x07\xd5)\xf8\xdf\x9b\xc8\x8a\x5c2\xf7\xcce\x17\
\xe0\x05\x81g+\x09zqI\xcb\xb4\xb1\x89\xda\x03\x1a\
#o:\x83\xd8m\x06r\xcf\x5c6+3x\xfa!\
\xb1\x8c\x15D\xcf/\xff\x85r\x95C=\x22\x06q\xb9\
\x0cd\xd59\x01g\xcb\x1c\xfc\xba\x88)\xaf`w\xfd\
\xea*\xbb\xb4\x07\x5c\x01\x89\xebQ\x11\x07\xd6\xf4\xcd=\
\xafh\x81\x88\x03\x8bH\xe9\x9c\xdd\xfb\xd5\x02\xd3\xb5\xed\
.\xfd\xca\x0eN\xcfm4tX8iZ8\xa68\
:k\xe3\x90\xe2\xa0Aqf\xe1\xb4ueZ\xf8\x02\
\x7f\xf2\xc3\x05\xbf\xd9\xeb\xc8\x00\x00\x00QtEXt\
Comment\x00Copyrigh\
t INCORS GmbH (w\
ww.iconexperienc\
e.com) - Unlicen\
sed preview imag\
e\xb6\x9ai\xa6\x00\x00\x008tEXtCop\
yright\x00Copyright\
 INCORS GmbH (ww\
w.iconexperience\
.com)N\xce\x99N\x00\x00\x00ZzTX\
tComment\x00\x00x\x9cs\xce/\xa8\
,\xcaL\xcf(Q\xf0\xf4s\xf6\x0f\x0aVp\xcfM\
\xf2P\xd0(//\xd7\xcbL\xce\xcfK\xad(H-\
\xcaL\xcdKN\xd5K\xce\xcf\xd5T\xd0U\x08\xcd\xcb\
\xc9LN\xcd+NMQ((J-\xcbL-W\
\xc8\xccMLO\x05\x00\xb8\x8f\x1a$\x9c\xbc\x98\xe3\x00\
\x00\x00AzTXtCopyright\
\x00\x00x\x9cs\xce/\xa8,\xcaL\xcf(Q\xf0\xf4\
s\xf6\x0f\x0aVp\xcfM\xf2P\xd0(//\xd7\xcb\
L\xce\xcfK\xad(H-\xcaL\xcdKN\xd5K\xce\
\xcf\xd5\x04\x00}6\x10h\x1c\xdd\xe6\x8f\x00\x00\x00\x00\
IEND\xaeB`\x82\
\x00\x00\x02m\
\x89\
PNG\x0d\x0a\x1a\x0a\x00\x00\x00\x0dIHDR\x00\
\x00\x00\x10\x00\x00\x00\x10\x08\x06\x00\x00\x00\x1f\xf3\xffa\
\x00\x00\x00\x19tEXtSoftware\
\x00Adobe ImageRead\
yq\xc9e<\x00\x00\x02\x0fIDATx\xda\xa4\
SMH\x1bQ\x10\x9e\xb7\xae\x9bD\x13\xd3\xe6\x90\xc5\
T<d\x15\xbc\xa4\x04\x92[{h\x0b\x85\x9cZ\xea\
E\x84\x80\x14\xc4\x93\x05\xcdQ\x84\x10\x88\x90S\x14z\
-\x14!R\xdaB\xa1\x87B\x8e\x85\xa6'\x95\xd0z\
3\xf1\xa0$\xc8.!!B\xd84\xfb\xe7\xcc\xa2\xe2\
\xc6\x1c\x0c]x\xfb\xde\x9b\xf9\xe6{\xf3f\xbe\xc7,\
\xcb\x82\xff\xf9X4\x1au\x18\xdcn7\x88\xa2\xf8\x98\
\xe3\xb8\x08n\xc7qtL\xd3<\x92e\xf9o\xb7\xdb\
u`\xcb\xe52\xf0\xfd\x8c\xba\xae\xc7\xbc^\xef\x9bL\
&\xb3\x18\x0c\x06\x1f)\x8aRO\xa7\xd3\x9f\xea\xf5\xfa\
(\xba\x0f\xefd\x10\x0a\x85\xfamk\x85Ba=\x10\
\x08L\xf3\xfc\x08\x12\x1a\xd0l6\xcf\x92\xc9\xe46\xfa\
vn\x03\x91\x14\xf8F\xa3\xd1O j\x9a6Y\xad\
V\x811\x06T#\x9f\xcf7\x898qP\x0dx\xbc\
_\xbf\xed\xe2\xf4\xb4&\x8f\x8d\x8dO\x99\xa6\x05\x1c\xc7\
0\x83\x9a\x8c\xb8\x8bA\x04\xdc\xcb)\x13\x12\xd3&\xcc\
\xfao\xba\xf1+\x97\xcb\xfdh\xb5\xd4\x9a <\xd0h\
\xa6=\xd9\xc9I8\xc2S\x9c]\x83\xfc\x13\x00\x01K\
\x89\xd9B\xb5\xcd\xa0x\xc6A\xa5\xcd\x9eb\xeaK\xf9\
|~9\x95J}\xc0\xab\xecb`\x89\x02g\x90\x80\
:\xdf\xd3\x01\xd6K\x96\xb3\x0b\xe4\x5c\x8d\x18DTz\
\x7f4\xf2*\x1c\x0eS\x1dZ\xef\x22Fi\xc6?X\
/6\x01\xba\x12\xf8\xcb^\x1b\xa5\x09\x0bV\x1e\xea\xb6\
&p~!M\xc0\xc1m\xbd\xe1r\x13\xa7\xa2M\x80\
\x8e\x84\xa6C\xf6\xd9\xeb\x85\x98\xa3\x15s'p\xfe\xfb\
+<\x9f\x8f\xc7$Ir\x9c\xfa\xf3\xfb\xe7\xec\x15a\
\x91m\xc5\xe1`~\xe9\xedM0\xf5\xde\xe5r\x81 \
\x08\xd8\x01\x0e\x0c\xc3\x80^\xaf\x87C\xc3\xb5\x0e\xd7\x99\
|\xdb\xfdx\xb8\xb1o\xc5y\xf5\x1f@\xa5r\x0c\xaa\
\xaa\xde[\xff\x1e\x8f\x07(\xce>\xb0\x83\xf2\xa6\x13\xcc\
!\x1e\x15\xe1;W\xcf\x82\xff\xa3\xc0\xde\xf9\x97\xfd\xa1\
_\xa1b\xc0\x9e\xad\x03\x1c~\xca\x8aD5D<\xa9\
HE\xad\xb4/\x05\x18\x00cW\xe2x\x9c\x8a\x10\x8e\
\x00\x00\x00\x00IEND\xaeB`\x82\
\x00\x00\x01p\
\x89\
PNG\x0d\x0a\x1a\x0a\x00\x00\x00\x0dIHDR\x00\
\x00\x00\x18\x00\x00\x00\x18\x08\x06\x00\x00\x00\xe0w=\xf8\
\x00\x00\x00\x09pHYs\x00\x00\x0b\x13\x00\x00\x0b\x13\
\x01\x00\x9a\x9c\x18\x00\x00\x01\x22IDATx\x9c\xcd\
\x94MJCA\x10\x84?}'p\xa1\xa8\x09\xd1\xe0\
\x22\x86\xdcAP\xc1\xdc\xc1\x9fx\xc4\xb8\xc9Q\x5cD\
C\xe2^\x10|\x10\xb2\x8c4\xd4\x83f\xe8\x17\x22o\
$\x16\xd4fj\xa6\x06\xba\xba\x1b\xfe\x19N\xc5?\xc1\
1\xf0\x0a\xbc\x01\xad\xdc\xe6m\xe0\x1dX\x8b\x0b\xe0<\
\x97\xf9!0s\xe6\x15g\xd2\x1ac(\xc3\x09\xb0\x12\
':3-\x0b\x06@\x01,\xc5Bg\xd9\xb1\x14\x1b\
\xe1\x00\xb8\xaa\xd1\xbe\xc5\x08\xd7\xdbd\xd2v\x81\xf6\x02\
\xfdYLq\xe9\x827\x8f\x10-\xf5x\x15\xa8\xd5y\
[\x14.\xf8pNN\x80\xa9k\xc1\x12\xf8\x12?\x81\
\xfb\xc0\xf4AZu\xaft\xef\xa7\xe9\xc4\xfb\xd2\xa4\x5c\
\x01\xa3\xe0\x83\x91\xb4\xe8MX\xaa\x0e0\xd7\x85\x97_\
\x96h_o\xd6\xf20\xaf\x10g\xc0\x87.\xf6\x03\xfd\
\x09x\x0c\xce\x07n\x85\x98\xc7FX\x1ew5Z\xb9\
\xa1M\x87Z\x88\xbb\x1f\xb4\x08\xbddU\xec\x01\x17d\
\xc2\x8d\x0b\xbeZvc\x9d\xdd\xe6\xf8\xe0H\xe1\xa5\xad\
\xb8\x90\x96\x05\x9ddN\xac\xd3\xba\xb9\xccI>1\xd6\
\xf6yS\xd8t\xd6.\xb3\x9d\xe0\x07\xab\x81bp\xba\
\xa4\x11\x99\x00\x00\x00\x00IEND\xaeB`\x82\
\x00\x00\x02M\
\x89\
PNG\x0d\x0a\x1a\x0a\x00\x00\x00\x0dIHDR\x00\
\x00\x00\x10\x00\x00\x00\x10\x08\x06\x00\x00\x00\x1f\xf3\xffa\
\x00\x00\x00\x19tEXtSoftware\
\x00Adobe ImageRead\
yq\xc9e<\x00\x00\x01\xefIDATx\xdab\
d\x00\x02VQQ\x06\x16\x11\x11\x06\x5c@\xf9\xdb7\
\x06\xb77o\x18\x94\xbe~e\xf8\x0b\x15\xfb\xcf\xc0`\
\xfd\x9b\x81a\x22\x0b\x03\x1e\xe0\x0e\xd2\x04\xd4\x0c\xd2\x88\
\x06\xfc\x81\x9a\xab\x7f10\xccc\xc1\xa5\xd1\xfd\xf5k\
0\xfb/\xaa\x14#\x10\xa7\x035\xa6\x00\xf1\xc1\x7f\x0c\
\x0c\xd3P\x0cP\x05z%\xf3\xd0!\x5c\x0eb\x05j\
\xa8\xf9\xc5\xc8\xe8\xf3\xeb\xff\xff;\x7f\x18\x18\xaa@\x82\
`\x03\xd4\xe5\xe5\x19\xd4\xe4\xe4\xf0\xf9\x86\x07\xa8\xb9\x9b\
\x9d\x8f\xcf\xee\xcb\xd7\xaf?\xfe\xfc\xfd\xdb\x05\x14\xfb\x09\
6 ((\x88\x81\x00\x10\x07j\x9e(./o\xf1\
\xf4\xcd\x9b\x8f?\xfe\xfe\xcd\x07\x06\xe0Y\x98$\x13\xba\
\xea\xb7\xc0\xd8\xf8\x0f\x09e\x10V\xf9\xc7\xc8\xb8@\xd3\
\xd0\xd0\xe5\xcd\xa7O\xdf?|\xfd\xda\x0f\x14;\x82\xac\
\x1e\xd3\x00aa\x06\xa0\x8d l\x0c\xf4\xe7\x0aS;\
;\xfb\x17o\xdf~y\xf9\xfe\xfdV\xa0\xd8\x02$\xc3\
\xc1\x98\x09\x87\xb3\x8d\x81\x8ag:\xf9\xf8\x18\xbfx\xf5\
\xea\xd3\xedG\x8fv\x02\xf9%P\x83\xe1\xf8\x01,\x10\
qi~\xf8\xf8\xf1\xbb\xf3\xd7\xaf\x9f\x06\xf2\xd3\xff#\
)x\x04\xc4\x87\x81\xf8!\xba\x01\xff\xff\xffW\xbd*\
/o\x15 $d\xfc\xe8\xc9\x93\xcf'/^\xbc\x0f\
L\x07\xbe\xff\xb1h\x84\x01\x16d\xcd_\xbf~\xf5\xd8\
\xb4i\xd3\xa4m\xdb\xb6=\xbc\x10\x14\xf4\x06\xa8\xd9\xe4\
?\x0e\x8dp\xb0>K\x14\x84\x0dV\xa6\x08\x1f\xfc\xf1\
\xe3\xc7\xffu\xeb\xd6=\x10\x11\x11iI`ff\x88\
\x01\xca\xcb\x13\x8a\xe4\xe6\xc2*\x06\xa0\xe6\x95\xe7\xe7D\
\xfc\xdfXe\xf9\x11\xa4\x99\x9b\x9b\x9b\x81\x19h\x001\
\x80\xe5\x06wF\x02\xbb\x80D\x98\xe0\xf3\x0d\x9f\xd6m\
9\xb3\xe9\xcd\x9b\xdfS\x80\xe2bH\x81\xfd\x17\x07\x1b\
\xe4\xbb\x7f,@0\x7f\xe5\x15M\x869\x97vl\xbc\
u\xf3\xf7\x04P\xca\x03\xe2?H\xf87\x12\xfd\x1bI\
\x1cd\xd8\x7f\x80\x00\x03\x001h\xe3\x18\x1e<J\x17\
\x00\x00\x00\x00IEND\xaeB`\x82\
\x00\x00\x01\x96\
\x89\
PNG\x0d\x0a\x1a\x0a\x00\x00\x00\x0dIHDR\x00\
\x00\x00\x10\x00\x00\x00\x10\x08\x06\x00\x00\x00\x1f\xf3\xffa\
\x00\x00\x01KIDATx\x01\x94\x92\xbd.\x05A\
\x18\x86\xc7O(\xd0\x91\xa0\xe6\x12$\x1a\x95\xe8$~\
\x12\x89D\xdc\x81k\x10\xe2\x1a\x5c\x83\xf8K4:Q\
\x88DC\xa9\xa2F4\x1a*\xbf\xcf3f\xe7\xec\xb1\
{\x8e\x9c\x93\xef\xd9\xf7\x9d\xf9v\xde\x9d=;\xdd\xa1\
\xf97\xc3\xf0\x01\xbe\x13\x1f\xe8\x1e\xf4Bm\x95\x03\xee\
\xb8\xe3\x02F\xe1\x1aN\xe1\x05V\xe1\x1df\xa1RE\
\x80\x8b'\xe8n\x82sS\xe8<\x8c\xc0\x10\xbc\xc1\x19\
x\x0f\xd2(ov\xdb6\x5c\xbc\xd3he\xf7\x8a3\
\xe4\x0b\xbd\x85\xa62`\x9f\x19\xdf\xb9n1\xadX\xf6\
\xd7p}0\x06\xb9\x0cp\xe2&\xcf\xb46G\xa9\xb5\
\x9c4\x8a\x01\x9a'/\xff\xf0\x99\xfa\xfe/\xc9\x86`\
\x80\x8d\xe9<\xd3\xda\x0c\xa7\xd6e\xd2(\x06\x1c\xe2l\
\x0e\xa2\xed\xea85\xcf\x93F1`=\xba\x10|\x8d\
\xae\xe4\xff\xca\x0a\x13~\xad\x13\xd4\xaf\x81\xfc\x96\x01\x9e\
\xb69\x86\x03\xa0\xf7\xe0\xf4\xe0\x0d\xf3}=\x5c\x07\x8c\
\xadE.\x0b\x90\xcb\x00\x07\x1e\x92I\x8c\x01\x1e]\xd5\
'=3W<\x19\x1b\xcb]\xe4\x90\x22\xc0\xce=\x97\
~\x18\x87\x0d\xd8\x06w\xe6n\x96\xf0\x82\xc4\xca!\xe5\
\x80\xd8\xe1\xf2\x08\xbb\xb0\x05\xee\xcc\x9d`\x83\x8b*!\
u\x01\xa1\xcd\xaf\x12\xd2i\x80\xd9\xe5\x90\xab\x1f\x00\x00\
\x00\xff\xff\xab\x96\xc2\xbe\x00\x00\x00\x06IDAT\x03\
\x00`G;6\x0b\x99}\x89\x00\x00\x00\x00IEN\
D\xaeB`\x82\
\x00\x00\x02\xb9\
\x89\
PNG\x0d\x0a\x1a\x0a\x00\x00\x00\x0dIHDR\x00\
\x00\x00\x18\x00\x00\x00\x18\x08\x06\x00\x00\x00\xe0w=\xf8\
\x00\x00\x00\x09pHYs\x00\x00\x0e\xc4\x00\x00\x0e\xc4\
\x01\x95+\x0e\x1b\x00\x00\x02kIDATH\x89\xed\
\x92\xbfKja\x1c\xc6\x9f#\x22\x09b\xe8P\xa4\x88\
\x98\x84\x93Tb\x16\x98\x1284\xbb\xb44H\xff@\
D\xb8E[\x0d\xb57\xf7\x0fH\x9a\xe0l\xb8H\x9a\
?\xa0EP\x8cs\x8cN?$\x89\x03\x07N\x9ez\
\xeet/\xf7\xde2-\xeer\xa1\xcf\xf2\x0e\xef\xcb\xf3\
<\xdf\xe7\xfb\x02\xdf\xfc7D\xa3Q\xb6Z-\xbe\xbe\
\xbe\xf2w^^^\xd8h4\xb8\xb1\xb1\xc1/\x8b/\
--\xb1V\xabQUU\xfe\x8d\xae\xeb\xac\xd5j\x5c\
\x5c\x5c\xa4(\x8aoL\x0c\xc3\xc4\x03\x81\x00\x0f\x0f\x0f\
\xe1\xf1x`6\x9b\xdf}C\x12777\xb8\xbf\xbf\
\x7fs\xf7\xa1A0\x18\xe4\xde\xde\x1e\xb6\xb6\xb6\xa0\xaa\
*\x9e\x9f\x9f\x07\x1a\xe8\xba>,\xeb\x9f\xac\xaf\xaf3\
\x97\xcb\xd1\xef\xf7\xb3R\xa9paa\x81\xb2,S\xd3\
\xb47\x15U*\x15NMM\xb1\x5c.\x8f\xbe\x07\x9f\
\xcf\xc7\x9f\xdd\xcf\xce\xce\xb2Z\xad2\x1c\x0eSQ\x14\
j\x9a\xf6\xeb\xec\xf7\xfb\xbc\xb8\xb8\xf8\x9aA\xb1X\xe4\
\xfc\xfc<\xeb\xf5:C\xa1\x10eY\xa6\xa2(\x14E\
\x91\xc1`\x90www\x94$\x89\xa5R\x89\x0e\x87\xe3\
]\x03\xe3 \x03\xbf\xdf\x8f\xed\xedm\x1c\x1f\x1f#\x99\
L\x22\x95J\xc1b\xb1@Q\x14\xac\xae\xaeB\xd34\
H\x92\x04\x9b\xcd\x86\xc7\xc7GLLL\xbc\xab3p\
\xc9\xa9TJ\xe8v\xbb\xb8\xbe\xbe\xc6\xd3\xd3\x13L&\
\x13z\xbd\x1eb\xb1\x18\xf6\xf7\xf7\xe1r\xb9`0\x18\
 \xcb2TU\x85\xcdf\x83 \x08#7\x04\x00\x88\
\xc7\xe3\xf4z\xbd\xbc\xba\xba\xa2,\xcb\x5c^^\xa6\xd3\
\xe9d$\x12\xe1\xf9\xf99\xf3\xf9<ONN\xe8t\
:\x99\xcdf\xd9l6G\xaf\x08\x00\xd2\xe9\xb407\
7G\xb3\xd9\x8cN\xa7\x03I\x92\xb0\xbb\xbb\x0b\xab\xd5\
\x8a\xdb\xdb[\xe8\xba\x8e\xcd\xcdM\x1c\x1d\x1d\xc1\xe3\xf1\
`ff\xe6s#$\x12\x09\x8a\xa2\xc8\x87\x87\x07\xee\
\xec\xec\xd0\xe7\xf3\xd1n\xb7srr\x92\x0e\x87\x83+\
++\xccf\xb3\xbc\xbc\xbc\x1c\xf8{>\x9c\xa0\xd1h\
\xc0h4\xa2\xddn\xa3T*\xe1\xe0\xe0\x00v\xbb\x1d\
ccc\x10\x04\x01\x82 `||\xfc\xf3\xc9\x01 \
\x1c\x0e\xb3\xddn\xb3P(\xd0\xedv\xf3\xf4\xf4\xf4\xc3\
\xa4\x9f\x22\x10\x08\xb0^\xaf\xf3\xec\xec\x8cn\xb7\x9b\x99\
L\xe6\xdf\x89\x03\xc0\xda\xda\x1a\xa7\xa7\xa7\x19\x8b\xc5\x86\
v<\x8c\x81\xdd\x89\xa2\xc8n\xb7\x0b\xab\xd5\xfa\xb5\x8e\
\xbf\x19\x95\x1f\x1f\xc5\x91\xdd:\x95\xa2\x04\x00\x00\x00\x00\
IEND\xaeB`\x82\
"

qt_resource_name = b"\
\x00\x05\
\x00o\xa6S\
\x00i\
\x00c\x00o\x00n\x00s\
\x00\x09\
\x08\x8c\xa3\xa7\
\x00s\
\x00p\x00r\x00a\x00y\x00.\x00p\x00n\x00g\
\x00\x0b\
\x0az\x92\xa7\
\x00s\
\x00o\x00l\x00i\x00d\x00b\x00k\x00.\x00p\x00n\x00g\
\x00\x0f\
\x09\xf1\xd7\xa7\
\x00s\
\x00e\x00l\x00-\x00e\x00l\x00l\x00i\x00p\x00s\x00e\x00.\x00p\x00n\x00g\
\x00\x1a\
\x00r\xbdg\
\x00m\
\x00a\x00g\x00n\x00i\x00f\x00i\x00e\x00r\x00-\x00z\x00o\x00o\x00m\x00-\x00i\x00n\
\x00-\x00i\x00c\x00o\x00n\x00.\x00p\x00n\x00g\
\x00\x0c\
\x01 \xe1\x87\
\x00c\
\x00o\x00n\x00t\x00o\x00u\x00r\x001\x00.\x00p\x00n\x00g\
\x00\x10\
\x07\xe6\x7f\xa7\
\x00b\
\x00l\x00u\x00e\x00-\x00e\x00l\x00l\x00i\x00p\x00s\x00e\x00.\x00p\x00n\x00g\
\x00\x0a\
\x09\xc8\xc6G\
\x00e\
\x00r\x00a\x00s\x00e\x00r\x00.\x00p\x00n\x00g\
\x00\x0d\
\x05G\xb1\xc7\
\x00e\
\x00d\x00i\x00t\x00-\x00b\x00o\x00l\x00d\x00.\x00p\x00n\x00g\
\x00\x1a\
\x0d\xa6\xfa\x87\
\x00b\
\x00l\x00u\x00e\x00-\x00f\x00o\x00l\x00d\x00e\x00r\x00-\x00o\x00p\x00e\x00n\x00-\
\x00i\x00m\x00a\x00g\x00e\x00.\x00p\x00n\x00g\
\x00\x0f\
\x0d\xc5W\xe7\
\x00s\
\x00e\x00l\x00e\x00c\x00t\x00-\x00f\x00r\x00e\x00e\x00.\x00p\x00n\x00g\
\x00\x0d\
\x08O^\x07\
\x00b\
\x00l\x00u\x00e\x00-\x00p\x00o\x00l\x00y\x00.\x00p\x00n\x00g\
\x00\x0f\
\x03QX\xa7\
\x00s\
\x00e\x00l\x00e\x00c\x00t\x00-\x00p\x00o\x00l\x00y\x00.\x00p\x00n\x00g\
\x00\x13\
\x08\x9f\x09G\
\x00c\
\x00o\x00n\x00t\x00o\x00u\x00r\x00-\x00f\x00i\x00l\x00l\x00e\x00d\x001\x00.\x00p\
\x00n\x00g\
\x00\x13\
\x0afcG\
\x00p\
\x00a\x00i\x00n\x00t\x00-\x00c\x00a\x00n\x00-\x00c\x00o\x00l\x00o\x00r\x00.\x00p\
\x00n\x00g\
\x00\x0b\
\x08\x93d_\
\x00p\
\x00r\x00o\x00g\x00r\x00a\x00m\x00.\x00i\x00c\x00o\
\x00\x10\
\x0ev\xd0\x07\
\x00r\
\x00e\x00g\x00u\x00l\x00a\x00r\x00-\x00p\x00o\x00l\x00y\x00.\x00p\x00n\x00g\
\x00\x0e\
\x0e\xb88\x87\
\x00b\
\x00l\x00u\x00e\x00-\x00c\x00u\x00r\x00v\x00e\x00.\x00p\x00n\x00g\
\x00\x0b\
\x0a*w\xe7\
\x00p\
\x00r\x00i\x00n\x00t\x00e\x00r\x00.\x00p\x00n\x00g\
\x00\x0c\
\x00`\x1f\xc7\
\x001\
\x00t\x00o\x001\x00-\x00p\x00n\x00g\x00.\x00p\x00n\x00g\
\x00\x0f\
\x08.\x8eG\
\x00c\
\x00i\x00r\x00c\x00l\x00e\x00a\x00r\x00r\x00o\x00w\x00.\x00p\x00n\x00g\
\x00\x0b\
\x09@\x96\x07\
\x00s\
\x00w\x00i\x00t\x00c\x00h\x002\x00.\x00p\x00n\x00g\
\x00\x06\
\x06\x91WG\
\x00b\
\x00n\x00.\x00p\x00n\x00g\
\x00\x11\
\x09\x18\xc1\x07\
\x00b\
\x00l\x00u\x00e\x00-\x00p\x00o\x00l\x00y\x00l\x00i\x00n\x00e\x00.\x00p\x00n\x00g\
\
\x00\x0d\
\x04\x81\xf8\xe7\
\x00p\
\x00a\x00i\x00n\x00t\x00-\x00c\x00a\x00n\x00.\x00p\x00n\x00g\
\x00\x0a\
\x09\xf1\x8f\xc7\
\x00p\
\x00e\x00n\x00c\x00i\x00l\x00.\x00p\x00n\x00g\
\x00\x11\
\x04\xfbB\x07\
\x00b\
\x00o\x00r\x00d\x00e\x00r\x00-\x00w\x00e\x00i\x00g\x00h\x00t\x00.\x00p\x00n\x00g\
\
\x00\x0b\
\x0bJZ\xc7\
\x00p\
\x00i\x00p\x00e\x00t\x00t\x00e\x00.\x00p\x00n\x00g\
\x00\x1b\
\x01\xc5n\x07\
\x00m\
\x00a\x00g\x00n\x00i\x00f\x00i\x00e\x00r\x00-\x00z\x00o\x00o\x00m\x00-\x00o\x00u\
\x00t\x00-\x00i\x00c\x00o\x00n\x00.\x00p\x00n\x00g\
\x00\x0a\
\x0a\x94\x0bG\
\x00s\
\x00w\x00i\x00t\x00c\x00h\x00.\x00p\x00n\x00g\
\x00\x0d\
\x0e3^\xa7\
\x00b\
\x00l\x00u\x00e\x00-\x00l\x00i\x00n\x00e\x00.\x00p\x00n\x00g\
\x00\x12\
\x039!G\
\x00b\
\x00l\x00u\x00e\x00-\x00r\x00o\x00u\x00n\x00d\x00r\x00e\x00c\x00t\x00.\x00p\x00n\
\x00g\
\x00\x0a\
\x01\xcb&g\
\x00m\
\x00a\x00r\x00k\x00e\x00r\x00.\x00p\x00n\x00g\
\x00\x12\
\x03{n\xa7\
\x00m\
\x00a\x00g\x00n\x00i\x00f\x00i\x00e\x00r\x00-\x00z\x00o\x00o\x00m\x00.\x00p\x00n\
\x00g\
\x00\x0f\
\x0b!5\x07\
\x00n\
\x00o\x00-\x00c\x00o\x00n\x00t\x00o\x00u\x00r\x001\x00.\x00p\x00n\x00g\
\x00\x0e\
\x02\xb1\x81g\
\x00n\
\x00o\x00-\x00c\x00o\x00n\x00t\x00o\x00u\x00r\x00.\x00p\x00n\x00g\
\x00\x12\
\x0eA\xd8'\
\x00e\
\x00d\x00i\x00t\x00-\x00u\x00n\x00d\x00e\x00r\x00l\x00i\x00n\x00e\x00.\x00p\x00n\
\x00g\
\x00\x08\
\x06\xc8Y\xc7\
\x00m\
\x00o\x00v\x00e\x00.\x00p\x00n\x00g\
\x00\x0a\
\x0a\xdb\x1e'\
\x00s\
\x00m\x00u\x00d\x00g\x00e\x00.\x00p\x00n\x00g\
\x00\x07\
\x09\xbfW\xa7\
\x00s\
\x00e\x00l\x00.\x00p\x00n\x00g\
\x00\x0f\
\x08\xa5'\x07\
\x00s\
\x00i\x00m\x00p\x00l\x00e\x00-\x00l\x00i\x00n\x00e\x00.\x00p\x00n\x00g\
\x00\x08\
\x0b\x07Z'\
\x00e\
\x00d\x00i\x00t\x00.\x00p\x00n\x00g\
\x00\x0d\
\x09\xd0_\xe7\
\x00b\
\x00l\x00u\x00e\x00-\x00r\x00e\x00c\x00t\x00.\x00p\x00n\x00g\
\x00\x0b\
\x09}G\xe7\
\x00t\
\x00r\x00a\x00n\x00s\x00b\x00k\x00.\x00p\x00n\x00g\
\x00\x0e\
\x0b\xf9\x82'\
\x00m\
\x00a\x00g\x00i\x00c\x00-\x00w\x00a\x00n\x00d\x00.\x00p\x00n\x00g\
\x00\x0b\
\x06\x11\x9c'\
\x00c\
\x00o\x00n\x00t\x00o\x00u\x00r\x00.\x00p\x00n\x00g\
\x00\x12\
\x00\x89\xa2\xa7\
\x00c\
\x00o\x00n\x00t\x00o\x00u\x00r\x00-\x00f\x00i\x00l\x00l\x00e\x00d\x00.\x00p\x00n\
\x00g\
\x00\x13\
\x0a\x08_\xe7\
\x00d\
\x00o\x00c\x00u\x00m\x00e\x00n\x00t\x00-\x00i\x00m\x00a\x00g\x00e\x002\x00.\x00p\
\x00n\x00g\
\x00\x0f\
\x02\x1f\xed\x07\
\x00e\
\x00d\x00i\x00t\x00-\x00i\x00t\x00a\x00l\x00i\x00c\x00.\x00p\x00n\x00g\
\x00\x08\
\x00\x9eZ'\
\x00d\
\x00i\x00s\x00k\x00.\x00p\x00n\x00g\
\x00\x0f\
\x03=\xdc\x07\
\x00n\
\x00e\x00w\x00d\x00o\x00c\x00u\x00m\x00e\x00n\x00t\x00.\x00p\x00n\x00g\
\x00\x09\
\x08C\xa2\x07\
\x00s\
\x00t\x00a\x00m\x00p\x00.\x00p\x00n\x00g\
\x00\x0a\
\x08Y\xda\xc7\
\x00m\
\x00o\x00v\x00e\x002\x004\x00.\x00p\x00n\x00g\
\x00\x0f\
\x0c4\xfeg\
\x00p\
\x00a\x00i\x00n\x00t\x00-\x00b\x00r\x00u\x00s\x00h\x00.\x00p\x00n\x00g\
\x00\x0d\
\x099\xc9\x07\
\x00m\
\x00a\x00g\x00n\x00i\x00f\x00i\x00e\x00r\x00.\x00p\x00n\x00g\
"

qt_resource_struct = b"\
\x00\x00\x00\x00\x00\x02\x00\x00\x00\x01\x00\x00\x00\x01\
\x00\x00\x00\x00\x00\x00\x00\x00\
\x00\x00\x00\x00\x00\x02\x00\x00\x007\x00\x00\x00\x02\
\x00\x00\x00\x00\x00\x00\x00\x00\
\x00\x00\x02\x9a\x00\x00\x00\x00\x00\x01\x00\x00k\x12\
\x00\x00\x01\x9e\x09p\xb8\x97\
\x00\x00\x00\x00\x00\x02\x00\x00\x00\x01\x00\x00\x009\
\x00\x00\x00\x00\x00\x00\x00\x00\
\x00\x00\x00h\x00\x00\x00\x00\x00\x01\x00\x00\x04\xe8\
\x00\x00\x01\x9e\x09p\xb8\x9c\
\x00\x00\x05\xfc\x00\x00\x00\x00\x00\x01\x00\x00\x95\xab\
\x00\x00\x01\x9e\x09p\xb8\x99\
\x00\x00\x06v\x00\x00\x00\x00\x00\x01\x00\x00\x99\xc7\
\x00\x00\x01\x9e\x09p\xb8\x9b\
\x00\x00\x00\xa2\x00\x00\x00\x00\x00\x01\x00\x00\x0a\xa3\
\x00\x00\x01\x9e\x09p\xb8\x9b\
\x00\x00\x03\xb0\x00\x00\x00\x00\x00\x01\x00\x00{\xf2\
\x00\x00\x01\x9e\x09p\xb8\x9c\
\x00\x00\x04P\x00\x00\x00\x00\x00\x01\x00\x00\x83^\
\x00\x00\x01\x9e\x09p\xb8\x9c\
\x00\x00\x06R\x00\x00\x00\x00\x00\x01\x00\x00\x98\xcc\
\x00\x00\x01\x9e\x09p\xb8\x9c\
\x00\x00\x04\xb8\x00\x00\x00\x00\x00\x01\x00\x00\x890\
\x00\x00\x01\x9e\x09p\xb8\x9e\
\x00\x00\x04&\x00\x00\x00\x00\x00\x01\x00\x00\x82\xc8\
\x00\x00\x01\x9e\x09p\xb8\x99\
\x00\x00\x06\x8c\x00\x00\x00\x00\x00\x01\x00\x00\x9b\xc6\
\x00\x00\x01\x9e\x09p\xb8\x9e\
\x00\x00\x01\x9e\x00\x00\x00\x00\x00\x01\x00\x00\x14\xa9\
\x00\x00\x01\x9e\x09p\xb8\xa1\
\x00\x00\x04j\x00\x00\x00\x00\x00\x01\x00\x00\x85\xce\
\x00\x00\x01\x9e\x09p\xb8\x9c\
\x00\x00\x032\x00\x00\x00\x00\x00\x01\x00\x00p\x08\
\x00\x00\x01\x9e\x09p\xb8\x9e\
\x00\x00\x03l\x00\x00\x00\x00\x00\x01\x00\x00x\xda\
\x00\x00\x01\x9e\x09p\xb8\x99\
\x00\x00\x01\x00\x00\x00\x00\x00\x00\x01\x00\x00\x0e\xc0\
\x00\x00\x01\x9e\x09p\xb8\x9b\
\x00\x00\x05\xe0\x00\x00\x00\x00\x00\x01\x00\x00\x95\x1a\
\x00\x00\x01\x9e\x09p\xb8\x99\
\x00\x00\x02\xf8\x00\x00\x00\x00\x00\x01\x00\x00n\xce\
\x00\x00\x01\x9e\x09p\xb8\x99\
\x00\x00\x05\x04\x00\x00\x00\x00\x00\x01\x00\x00\x8a\xbb\
\x00\x00\x01\x9e\x09p\xb8\x9c\
\x00\x00\x00\xc0\x00\x00\x00\x00\x00\x01\x00\x00\x0b?\
\x00\x00\x01\x9e\x09p\xb8\x97\
\x00\x00\x02\xb8\x00\x00\x00\x00\x00\x01\x00\x00k\xad\
\x00\x00\x01\x9e\x09p\xb8\x99\
\x00\x00\x06\xb0\x00\x00\x00\x00\x00\x01\x00\x00\x9f\x13\
\x00\x00\x01\x9e\x09p\xb8\xa3\
\x00\x00\x01~\x00\x00\x00\x00\x00\x01\x00\x00\x13\xe3\
\x00\x00\x01\x9e\x09p\xb8\x98\
\x00\x00\x06\xc8\x00\x00\x00\x00\x00\x01\x00\x00\xa1\x84\
\x00\x00\x01\x9e\x09p\xb8\x9e\
\x00\x00\x00\x10\x00\x00\x00\x00\x00\x01\x00\x00\x00\x00\
\x00\x00\x01\x9e\x09p\xb8\xa3\
\x00\x00\x02\x1a\x00\x00\x00\x00\x00\x01\x00\x00\x18\xd8\
\x00\x00\x01\x9e\x09p\xb8\xa0\
\x00\x00\x01\xc2\x00\x00\x00\x00\x00\x01\x00\x00\x15t\
\x00\x00\x01\x9e\x09p\xb8\x99\
\x00\x00\x05H\x00\x00\x00\x00\x00\x01\x00\x00\x8fe\
\x00\x00\x01\x9e\x09p\xb8\xa2\
\x00\x00\x03\x0a\x00\x00\x00\x00\x00\x01\x00\x00oY\
\x00\x00\x01\x9e\x09p\xb8\x98\
\x00\x00\x07\x06\x00\x00\x00\x00\x00\x01\x00\x00\xa5I\
\x00\x00\x01\x9e\x09p\xb8\x9c\
\x00\x00\x02\xdc\x00\x00\x00\x00\x00\x01\x00\x00n7\
\x00\x00\x01\x9e\x09p\xb8\xa3\
\x00\x00\x05\xa2\x00\x00\x00\x00\x00\x01\x00\x00\x91\x1b\
\x00\x00\x01\x9e\x09p\xb8\xa3\
\x00\x00\x054\x00\x00\x00\x00\x00\x01\x00\x00\x8e\xb8\
\x00\x00\x01\x9e\x09p\xb8\xa1\
\x00\x00\x00\xe6\x00\x00\x00\x00\x00\x01\x00\x00\x0c\x14\
\x00\x00\x01\x9e\x09p\xb8\x9c\
\x00\x00\x05\x82\x00\x00\x00\x00\x00\x01\x00\x00\x90\x81\
\x00\x00\x01\x9e\x09p\xb8\x98\
\x00\x00\x03R\x00\x00\x00\x00\x00\x01\x00\x00r\xdd\
\x00\x00\x01\x9e\x09p\xb8\x9e\
\x00\x00\x00D\x00\x00\x00\x00\x00\x01\x00\x00\x04&\
\x00\x00\x01\x9e\x09p\xb8\xa1\
\x00\x00\x06&\x00\x00\x00\x00\x00\x01\x00\x00\x96)\
\x00\x00\x01\x9e\x09p\xb8\x9b\
\x00\x00\x02~\x00\x00\x00\x00\x00\x01\x00\x00hC\
\x00\x00\x01\x9e\x09p\xb8\xa0\
\x00\x00\x01\xee\x00\x00\x00\x00\x00\x01\x00\x00\x16\x1b\
\x00\x00\x01\x9e\x09p\xb8\x9e\
\x00\x00\x00(\x00\x00\x00\x00\x00\x01\x00\x00\x02l\
\x00\x00\x01\x9e\x09p\xb8\xa2\
\x00\x00\x03\xec\x00\x00\x00\x00\x00\x01\x00\x00\x81\xbc\
\x00\x00\x01\x9e\x09p\xb8\xa3\
\x00\x00\x05\x1a\x00\x00\x00\x00\x00\x01\x00\x00\x8b\xfb\
\x00\x00\x01\x9e\x14\x01\xc5R\
\x00\x00\x05l\x00\x00\x00\x00\x00\x01\x00\x00\x8f\xd8\
\x00\x00\x01\x9e\x09p\xb8\x9c\
\x00\x00\x04\x94\x00\x00\x00\x00\x00\x01\x00\x00\x88\x92\
\x00\x00\x01\x9e\x09p\xb8\x9e\
\x00\x00\x03\x94\x00\x00\x00\x00\x00\x01\x00\x00y\xac\
\x00\x00\x01\x9e\x09p\xb8\xa0\
\x00\x00\x05\xbe\x00\x00\x00\x00\x00\x01\x00\x00\x92\xf8\
\x00\x00\x01\x9e\x09p\xb8\x9c\
\x00\x00\x06\xe2\x00\x00\x00\x00\x00\x01\x00\x00\xa2\xf8\
\x00\x00\x01\x9e\x09p\xb8\x9e\
\x00\x00\x01 \x00\x00\x00\x00\x00\x01\x00\x00\x0f\xde\
\x00\x00\x01\x9e\x09p\xb8\x98\
\x00\x00\x01Z\x00\x00\x00\x00\x00\x01\x00\x00\x12\xd8\
\x00\x00\x01\x9e\x09p\xb8\xa1\
\x00\x00\x04\x06\x00\x00\x00\x00\x00\x01\x00\x00\x82F\
\x00\x00\x01\x9e\x09p\xb8\x98\
\x00\x00\x04\xda\x00\x00\x00\x00\x00\x01\x00\x00\x89\xa5\
\x00\x00\x01\x9e\x09p\xb8\x9c\
\x00\x00\x026\x00\x00\x00\x00\x00\x01\x00\x00f\xa3\
\x00\x00\x01\x9e\x09p\xb8\xa0\
\x00\x00\x02\x5c\x00\x00\x00\x00\x00\x01\x00\x00g\xa3\
\x00\x00\x01\x9e\x09p\xb8\x97\
\x00\x00\x05\x1a\x00\x00\x00\x00\x00\x01\x00\x00\xa6\xe3\
\x00\x00\x01\x9e\x14\x01\xc5R\
"

def qInitResources():
    QtCore.qRegisterResourceData(0x03, qt_resource_struct, qt_resource_name, qt_resource_data)

def qCleanupResources():
    QtCore.qUnregisterResourceData(0x03, qt_resource_struct, qt_resource_name, qt_resource_data)

qInitResources()
